{
"lengthUnit": "mil",
"components": {
	"fields": ["COMPONENT_NO", "COMPONENT_NAME", "LAYER", "X_COORDINATE", "Y_COORDINATE", "ANGLE"],
	"rows": [
		[1, "BAT-", "T", 3498.19, 809.28, 270],
		[2, "BAT+", "T", 3931.25, 809.28, 270],
		[3, "BOOTOPTION", "T", 3740, 2655, 90],
		[4, "C1", "T", 2660, 1845, 180],
		[5, "C2", "T", 2850, 580, 0],
		[6, "C3", "T", 1770, 660, 180],
		[7, "C4", "B", 738.74, 720, 0],
		[8, "C5", "T", 660, 1670, 180],
		[9, "C6", "T", 750, 2455, 0],
		[10, "C7", "T", 1700, 2855, 270],
		[11, "C8", "T", 2660, 2685, 180],
		[12, "C9", "B", 3595, 3125, 270],
		[13, "C10", "T", 3015, 3645, 270],
		[14, "C11", "T", 2917.5, 3642.5, 270],
		[15, "C12", "T", 2346.14, 3402.51, 0],
		[16, "C13", "T", 2350, 3500, 0],
		[17, "C14", "T", 2790.26, 3749.01, 270],
		[18, "C15", "T", 1855, 3710, 180],
		[19, "C16", "T", 2100, 3710, 0],
		[20, "C17", "T", 3935, 440, 270],
		[21, "C18", "T", 505, 3625, 270],
		[22, "C19", "T", 3815, 260, 0],
		[23, "C20", "T", 3491.77, 961.77, 180],
		[24, "C21", "T", 3716.77, 806.77, 0],
		[25, "DATA", "T", 2275, -35, 0],
		[26, "LED1", "T", 1280, 2125, 0],
		[27, "LED2", "T", 2099.68, 2125, 0],
		[28, "LED3", "T", 1280, 1309.56, 0],
		[29, "LED4", "T", 2099.68, 1305.32, 0],
		[30, "LED5", "T", 3603.2, 1343.99, 180],
		[31, "R1", "T", 2650, 3450, 270],
		[32, "R2", "T", 2825, 3400, 0],
		[33, "R3", "T", 2825, 3500, 0],
		[34, "R4", "T", 2670.26, 3745.27, 90],
		[35, "R5", "T", 3850, 2610, 270],
		[36, "R6", "T", 3798.2, 1343.99, 0],
		[37, "R7", "B", 1625, 1454.56, 90],
		[38, "R8", "B", 1130, 1454.56, 90],
		[39, "R9", "B", 1625, 794.56, 90],
		[40, "R10", "B", 1330, 1454.56, 90],
		[41, "R11", "B", 935, 794.56, 90],
		[42, "R12", "B", 1525, 794.56, 90],
		[43, "R13", "B", 1035, 794.56, 90],
		[44, "R14", "B", 1330, 794.56, 90],
		[45, "R15", "B", 2445, 1449.56, 90],
		[46, "R16", "B", 1950, 1449.56, 90],
		[47, "R17", "B", 2445, 1159.56, 270],
		[48, "R18", "B", 2150, 1449.56, 90],
		[49, "R19", "B", 1755, 789.56, 90],
		[50, "R20", "B", 2345, 789.56, 90],
		[51, "R21", "B", 1855, 1139.56, 270],
		[52, "R22", "B", 2150, 789.56, 90],
		[53, "R23", "B", 2150, 1979.56, 270],
		[54, "R24", "B", 1855, 1979.56, 270],
		[55, "R25", "B", 2345, 1979.56, 270],
		[56, "R26", "B", 1755, 1979.56, 270],
		[57, "R27", "B", 2150, 2274.56, 90],
		[58, "R28", "B", 2490, 1924.56, 180],
		[59, "R29", "B", 1950, 2274.56, 90],
		[60, "R30", "B", 2445, 2274.56, 90],
		[61, "R31", "B", 1625, 2569.56, 270],
		[62, "R32", "B", 1130, 2279.56, 90],
		[63, "R33", "B", 1625, 1979.56, 270],
		[64, "R34", "B", 1330, 2279.56, 90],
		[65, "R35", "B", 940, 1984.56, 270],
		[66, "R36", "B", 1525, 1979.56, 270],
		[67, "R37", "B", 1030, 1984.56, 270],
		[68, "R38", "B", 1330, 1979.56, 270],
		[69, "R39", "T", 3498.69, 2328.41, 90],
		[70, "R40", "T", 3497.5, 2582.73, 90],
		[71, "R41", "T", 3385, 460, 90],
		[72, "RC_C", "T", 2360.26, 3829.01, 270],
		[73, "RC_R", "T", 2360.26, 3650.27, 270],
		[74, "Rprog", "T", 3446.77, 1156.77, 270],
		[75, "RST", "T", 2530.26, 3745.27, 270],
		[76, "SCREW1", "T", 3985, -115, 0],
		[77, "SCREW2", "T", -135, -115, 0],
		[78, "SCREW3", "T", -135, 4005, 0],
		[79, "SW1", "T", 4001.77, 1181.77, 0],
		[80, "U1", "B", 3705, 3140, 270],
		[81, "U2", "T", 1145, 2944.56, 180],
		[82, "U3", "T", 450, 1114.56, 270],
		[83, "U4", "T", 2960, 2224.56, 90],
		[84, "U5", "T", 2255, 389.56, 0],
		[85, "U6", "T", 450, 2224.56, 270],
		[86, "U7", "T", 1145, 389.56, 0],
		[87, "U8", "T", 2250, 2944.56, 180],
		[88, "U9", "T", 2960, 1154.56, 90],
		[89, "U10", "T", 3495, 3295, 270],
		[90, "U11", "T", 245, 3520, 90],
		[91, "U12", "T", 2000, 3490, 0],
		[92, "U13", "T", 3660, 405, 270],
		[93, "U14", "T", 3704.56, 1106.45, 270],
		[94, "UART", "T", 3740, 2280, 90],
		[95, "USB1", "T", 3645, 0, 0],
		[96, "USB2", "T", 3645, -110, 0],
		[97, "X1", "T", 2505, 3450, 270],
		[98, "PAD1", "T", 3498.19, 809.28, 0],
		[99, "PAD1", "B", 3498.19, 809.28, 0],
		[100, "PAD2", "T", 3931.25, 809.28, 0],
		[101, "PAD2", "B", 3931.25, 809.28, 0]
	]
},
"pins": {
	"fields": ["PIN_NO", "PIN_NAME", "PIN_X", "PIN_Y", "LAYER", "PIN_TYPE", "NET_NAME", "NET_TYPE", "PAD_SHAPE", "PAD_SIZEX", "PAD_SIZEY", "HOLE_SIZE", "PAD_ANGLE"],
	"rows": [
		[1, "BAT-_1", 3498.19, 809.28, "T", "SMD", "GND", "GND", "R", 200, 200, 0, 270],
		[2, "BAT+_1", 3931.25, 809.28, "T", "SMD", "VCC", "", "R", 200, 200, 0, 270],
		[3, "BOOTOPTION_1", 3740, 2555, "T", "DIP", "IO0_USE", "", "R", 66.93, 66.93, 43.31, 90],
		[4, "BOOTOPTION_1", 3740, 2555, "B", "DIP", "IO0_USE", "", "R", 66.93, 66.93, 43.31, 90],
		[5, "BOOTOPTION_2", 3740, 2655, "T", "DIP", "IO0", "", "C", 66.93, 66.93, 43.31, 90],
		[6, "BOOTOPTION_2", 3740, 2655, "B", "DIP", "IO0", "", "C", 66.93, 66.93, 43.31, 90],
		[7, "BOOTOPTION_3", 3740, 2755, "T", "DIP", "GND", "GND", "C", 66.93, 66.93, 43.31, 90],
		[8, "BOOTOPTION_3", 3740, 2755, "B", "DIP", "GND", "GND", "C", 66.93, 66.93, 43.31, 90],
		[9, "C1_1", 2699.37, 1845, "T", "SMD", "VCC", "", "R", 55.51, 53.15, 0, 180],
		[10, "C1_2", 2620.63, 1845, "T", "SMD", "GND", "GND", "R", 55.51, 53.15, 0, 180],
		[11, "C2_1", 2810.63, 580, "T", "SMD", "VCC", "", "R", 55.51, 53.15, 0, 0],
		[12, "C2_2", 2889.37, 580, "T", "SMD", "GND", "GND", "R", 55.51, 53.15, 0, 0],
		[13, "C3_1", 1809.37, 660, "T", "SMD", "VCC", "", "R", 55.51, 53.15, 0, 180],
		[14, "C3_2", 1730.63, 660, "T", "SMD", "GND", "GND", "R", 55.51, 53.15, 0, 180],
		[15, "C4_1", 699.37, 720, "B", "SMD", "VCC", "", "R", 55.51, 53.15, 0, 0],
		[16, "C4_2", 778.11, 720, "B", "SMD", "GND", "GND", "R", 55.51, 53.15, 0, 0],
		[17, "C5_1", 699.37, 1670, "T", "SMD", "VCC", "", "R", 55.51, 53.15, 0, 180],
		[18, "C5_2", 620.63, 1670, "T", "SMD", "GND", "GND", "R", 55.51, 53.15, 0, 180],
		[19, "C6_1", 710.63, 2455, "T", "SMD", "VCC", "", "R", 55.51, 53.15, 0, 0],
		[20, "C6_2", 789.37, 2455, "T", "SMD", "GND", "GND", "R", 55.51, 53.15, 0, 0],
		[21, "C7_1", 1700, 2894.37, "T", "SMD", "VCC", "", "R", 55.51, 53.15, 0, 270],
		[22, "C7_2", 1700, 2815.63, "T", "SMD", "GND", "GND", "R", 55.51, 53.15, 0, 270],
		[23, "C8_1", 2699.37, 2685, "T", "SMD", "VCC", "", "R", 55.51, 53.15, 0, 180],
		[24, "C8_2", 2620.63, 2685, "T", "SMD", "GND", "GND", "R", 55.51, 53.15, 0, 180],
		[25, "C9_1", 3595, 3164.37, "B", "SMD", "VDD33", "", "R", 55.51, 53.15, 0, 270],
		[26, "C9_2", 3595, 3085.63, "B", "SMD", "GND", "GND", "R", 55.51, 53.15, 0, 270],
		[27, "C10_1", 3015, 3684.37, "T", "SMD", "GND", "GND", "R", 55.51, 53.15, 0, 270],
		[28, "C10_2", 3015, 3605.63, "T", "SMD", "VDD33", "", "R", 55.51, 53.15, 0, 270],
		[29, "C11_1", 2917.5, 3681.87, "T", "SMD", "GND", "GND", "R", 55.51, 53.15, 0, 270],
		[30, "C11_2", 2917.5, 3603.13, "T", "SMD", "VDD33", "", "R", 55.51, 53.15, 0, 270],
		[31, "C12_1", 2306.77, 3402.51, "T", "SMD", "GND", "GND", "R", 55.51, 53.15, 0, 0],
		[32, "C12_2", 2385.51, 3402.51, "T", "SMD", "$1N5403", "", "R", 55.51, 53.15, 0, 0],
		[33, "C13_1", 2310.63, 3500, "T", "SMD", "GND", "GND", "R", 55.51, 53.15, 0, 0],
		[34, "C13_2", 2389.37, 3500, "T", "SMD", "$1N5415", "", "R", 55.51, 53.15, 0, 0],
		[35, "C14_1", 2790.26, 3788.38, "T", "SMD", "GND", "GND", "R", 55.51, 53.15, 0, 270],
		[36, "C14_2", 2790.26, 3709.64, "T", "SMD", "$1N5018", "", "R", 55.51, 53.15, 0, 270],
		[37, "C15_1", 1887.48, 3710, "T", "SMD", "GND", "GND", "R", 39.37, 51.18, 0, 180],
		[38, "C15_2", 1822.52, 3710, "T", "SMD", "VDD33", "", "R", 39.37, 51.18, 0, 180],
		[39, "C16_1", 2060.63, 3710, "T", "SMD", "GND", "GND", "R", 43.31, 51.18, 0, 0],
		[40, "C16_2", 2139.37, 3710, "T", "SMD", "VCC", "", "R", 43.31, 51.18, 0, 0],
		[41, "C17_1", 3935, 479.37, "T", "SMD", "$1N8034", "", "R", 55.51, 53.15, 0, 270],
		[42, "C17_2", 3935, 400.63, "T", "SMD", "GND", "GND", "R", 55.51, 53.15, 0, 270],
		[43, "C18_1", 505, 3664.37, "T", "SMD", "VCC", "", "R", 55.51, 53.15, 0, 270],
		[44, "C18_2", 505, 3585.63, "T", "SMD", "GND", "GND", "R", 55.51, 53.15, 0, 270],
		[45, "C19_1", 3775.63, 260, "T", "SMD", "VCC", "", "R", 55.51, 53.15, 0, 0],
		[46, "C19_2", 3854.37, 260, "T", "SMD", "GND", "GND", "R", 55.51, 53.15, 0, 0],
		[47, "C20_1", 3531.14, 961.77, "T", "SMD", "VCC", "", "R", 55.51, 53.15, 0, 180],
		[48, "C20_2", 3452.4, 961.77, "T", "SMD", "GND", "GND", "R", 55.51, 53.15, 0, 180],
		[49, "C21_1", 3677.4, 806.77, "T", "SMD", "GND", "GND", "R", 55.51, 53.15, 0, 0],
		[50, "C21_2", 3756.14, 806.77, "T", "SMD", "VCC", "", "R", 55.51, 53.15, 0, 0],
		[51, "DATA_1", 1925, -35, "T", "DIP", "D0", "", "R", 59.05, 59.05, 39.37, 0],
		[52, "DATA_1", 1925, -35, "B", "DIP", "D0", "", "R", 59.05, 59.05, 39.37, 0],
		[53, "DATA_2", 2025, -35, "T", "DIP", "D1", "", "C", 59.05, 59.05, 39.37, 0],
		[54, "DATA_2", 2025, -35, "B", "DIP", "D1", "", "C", 59.05, 59.05, 39.37, 0],
		[55, "DATA_3", 2125, -35, "T", "DIP", "D2", "", "C", 59.05, 59.05, 39.37, 0],
		[56, "DATA_3", 2125, -35, "B", "DIP", "D2", "", "C", 59.05, 59.05, 39.37, 0],
		[57, "DATA_4", 2225, -35, "T", "DIP", "D3", "", "C", 59.05, 59.05, 39.37, 0],
		[58, "DATA_4", 2225, -35, "B", "DIP", "D3", "", "C", 59.05, 59.05, 39.37, 0],
		[59, "DATA_5", 2325, -35, "T", "DIP", "D4", "", "C", 59.05, 59.05, 39.37, 0],
		[60, "DATA_5", 2325, -35, "B", "DIP", "D4", "", "C", 59.05, 59.05, 39.37, 0],
		[61, "DATA_6", 2425, -35, "T", "DIP", "D5", "", "C", 59.05, 59.05, 39.37, 0],
		[62, "DATA_6", 2425, -35, "B", "DIP", "D5", "", "C", 59.05, 59.05, 39.37, 0],
		[63, "DATA_7", 2525, -35, "T", "DIP", "D6", "", "C", 59.05, 59.05, 39.37, 0],
		[64, "DATA_7", 2525, -35, "B", "DIP", "D6", "", "C", 59.05, 59.05, 39.37, 0],
		[65, "DATA_8", 2625, -35, "T", "DIP", "D7", "", "C", 59.05, 59.05, 39.37, 0],
		[66, "DATA_8", 2625, -35, "B", "DIP", "D7", "", "C", 59.05, 59.05, 39.37, 0],
		[67, "LED1_1", 935.51, 1829.72, "T", "DIP", "LED1_R5", "", "R", 60, 60, 36, 0],
		[68, "LED1_1", 935.51, 1829.72, "B", "DIP", "LED1_R5", "", "R", 60, 60, 36, 0],
		[69, "LED1_2", 1033.94, 1829.72, "T", "DIP", "LED1_R7", "", "C", 60, 60, 36, 0],
		[70, "LED1_2", 1033.94, 1829.72, "B", "DIP", "LED1_R7", "", "C", 60, 60, 36, 0],
		[71, "LED1_3", 1132.36, 1829.72, "T", "DIP", "LED1_C2", "", "C", 60, 60, 36, 0],
		[72, "LED1_3", 1132.36, 1829.72, "B", "DIP", "LED1_C2", "", "C", 60, 60, 36, 0],
		[73, "LED1_4", 1230.79, 1829.72, "T", "DIP", "LED1_C3", "", "C", 60, 60, 36, 0],
		[74, "LED1_4", 1230.79, 1829.72, "B", "DIP", "LED1_C3", "", "C", 60, 60, 36, 0],
		[75, "LED1_5", 1329.21, 1829.72, "T", "DIP", "LED1_R8", "", "C", 60, 60, 36, 0],
		[76, "LED1_5", 1329.21, 1829.72, "B", "DIP", "LED1_R8", "", "C", 60, 60, 36, 0],
		[77, "LED1_6", 1427.64, 1829.72, "T", "DIP", "LED1_C5", "", "C", 60, 60, 36, 0],
		[78, "LED1_6", 1427.64, 1829.72, "B", "DIP", "LED1_C5", "", "C", 60, 60, 36, 0],
		[79, "LED1_7", 1526.06, 1829.72, "T", "DIP", "LED1_R6", "", "C", 60, 60, 36, 0],
		[80, "LED1_7", 1526.06, 1829.72, "B", "DIP", "LED1_R6", "", "C", 60, 60, 36, 0],
		[81, "LED1_8", 1624.49, 1829.72, "T", "DIP", "LED1_R3", "", "C", 60, 60, 36, 0],
		[82, "LED1_8", 1624.49, 1829.72, "B", "DIP", "LED1_R3", "", "C", 60, 60, 36, 0],
		[83, "LED1_9", 1624.49, 2420.28, "T", "DIP", "LED1_R1", "", "C", 60, 60, 36, 0],
		[84, "LED1_9", 1624.49, 2420.28, "B", "DIP", "LED1_R1", "", "C", 60, 60, 36, 0],
		[85, "LED1_10", 1526.06, 2420.28, "T", "DIP", "LED1_C4", "", "C", 60, 60, 36, 0],
		[86, "LED1_10", 1526.06, 2420.28, "B", "DIP", "LED1_C4", "", "C", 60, 60, 36, 0],
		[87, "LED1_11", 1427.64, 2420.28, "T", "DIP", "LED1_C6", "", "C", 60, 60, 36, 0],
		[88, "LED1_11", 1427.64, 2420.28, "B", "DIP", "LED1_C6", "", "C", 60, 60, 36, 0],
		[89, "LED1_12", 1329.21, 2420.28, "T", "DIP", "LED1_R4", "", "C", 60, 60, 36, 0],
		[90, "LED1_12", 1329.21, 2420.28, "B", "DIP", "LED1_R4", "", "C", 60, 60, 36, 0],
		[91, "LED1_13", 1230.79, 2420.28, "T", "DIP", "LED1_C1", "", "C", 60, 60, 36, 0],
		[92, "LED1_13", 1230.79, 2420.28, "B", "DIP", "LED1_C1", "", "C", 60, 60, 36, 0],
		[93, "LED1_14", 1132.36, 2420.28, "T", "DIP", "LED1_R2", "", "C", 60, 60, 36, 0],
		[94, "LED1_14", 1132.36, 2420.28, "B", "DIP", "LED1_R2", "", "C", 60, 60, 36, 0],
		[95, "LED1_15", 1033.94, 2420.28, "T", "DIP", "LED1_C7", "", "C", 60, 60, 36, 0],
		[96, "LED1_15", 1033.94, 2420.28, "B", "DIP", "LED1_C7", "", "C", 60, 60, 36, 0],
		[97, "LED1_16", 935.51, 2420.28, "T", "DIP", "LED1_C8", "", "C", 60, 60, 36, 0],
		[98, "LED1_16", 935.51, 2420.28, "B", "DIP", "LED1_C8", "", "C", 60, 60, 36, 0],
		[99, "LED2_1", 1755.2, 1829.72, "T", "DIP", "LED2_R5", "", "R", 60, 60, 36, 0],
		[100, "LED2_1", 1755.2, 1829.72, "B", "DIP", "LED2_R5", "", "R", 60, 60, 36, 0],
		[101, "LED2_2", 1853.63, 1829.72, "T", "DIP", "LED2_R7", "", "C", 60, 60, 36, 0],
		[102, "LED2_2", 1853.63, 1829.72, "B", "DIP", "LED2_R7", "", "C", 60, 60, 36, 0],
		[103, "LED2_3", 1952.05, 1829.72, "T", "DIP", "LED2_C2", "", "C", 60, 60, 36, 0],
		[104, "LED2_3", 1952.05, 1829.72, "B", "DIP", "LED2_C2", "", "C", 60, 60, 36, 0],
		[105, "LED2_4", 2050.48, 1829.72, "T", "DIP", "LED2_C3", "", "C", 60, 60, 36, 0],
		[106, "LED2_4", 2050.48, 1829.72, "B", "DIP", "LED2_C3", "", "C", 60, 60, 36, 0],
		[107, "LED2_5", 2148.9, 1829.72, "T", "DIP", "LED2_R8", "", "C", 60, 60, 36, 0],
		[108, "LED2_5", 2148.9, 1829.72, "B", "DIP", "LED2_R8", "", "C", 60, 60, 36, 0],
		[109, "LED2_6", 2247.33, 1829.72, "T", "DIP", "LED2_C5", "", "C", 60, 60, 36, 0],
		[110, "LED2_6", 2247.33, 1829.72, "B", "DIP", "LED2_C5", "", "C", 60, 60, 36, 0],
		[111, "LED2_7", 2345.75, 1829.72, "T", "DIP", "LED2_R6", "", "C", 60, 60, 36, 0],
		[112, "LED2_7", 2345.75, 1829.72, "B", "DIP", "LED2_R6", "", "C", 60, 60, 36, 0],
		[113, "LED2_8", 2444.18, 1829.72, "T", "DIP", "LED2_R3", "", "C", 60, 60, 36, 0],
		[114, "LED2_8", 2444.18, 1829.72, "B", "DIP", "LED2_R3", "", "C", 60, 60, 36, 0],
		[115, "LED2_9", 2444.18, 2420.28, "T", "DIP", "LED2_R1", "", "C", 60, 60, 36, 0],
		[116, "LED2_9", 2444.18, 2420.28, "B", "DIP", "LED2_R1", "", "C", 60, 60, 36, 0],
		[117, "LED2_10", 2345.75, 2420.28, "T", "DIP", "LED2_C4", "", "C", 60, 60, 36, 0],
		[118, "LED2_10", 2345.75, 2420.28, "B", "DIP", "LED2_C4", "", "C", 60, 60, 36, 0],
		[119, "LED2_11", 2247.33, 2420.28, "T", "DIP", "LED2_C6", "", "C", 60, 60, 36, 0],
		[120, "LED2_11", 2247.33, 2420.28, "B", "DIP", "LED2_C6", "", "C", 60, 60, 36, 0],
		[121, "LED2_12", 2148.9, 2420.28, "T", "DIP", "LED2_R4", "", "C", 60, 60, 36, 0],
		[122, "LED2_12", 2148.9, 2420.28, "B", "DIP", "LED2_R4", "", "C", 60, 60, 36, 0],
		[123, "LED2_13", 2050.48, 2420.28, "T", "DIP", "LED2_C1", "", "C", 60, 60, 36, 0],
		[124, "LED2_13", 2050.48, 2420.28, "B", "DIP", "LED2_C1", "", "C", 60, 60, 36, 0],
		[125, "LED2_14", 1952.05, 2420.28, "T", "DIP", "LED2_R2", "", "C", 60, 60, 36, 0],
		[126, "LED2_14", 1952.05, 2420.28, "B", "DIP", "LED2_R2", "", "C", 60, 60, 36, 0],
		[127, "LED2_15", 1853.63, 2420.28, "T", "DIP", "LED2_C7", "", "C", 60, 60, 36, 0],
		[128, "LED2_15", 1853.63, 2420.28, "B", "DIP", "LED2_C7", "", "C", 60, 60, 36, 0],
		[129, "LED2_16", 1755.2, 2420.28, "T", "DIP", "LED2_C8", "", "C", 60, 60, 36, 0],
		[130, "LED2_16", 1755.2, 2420.28, "B", "DIP", "LED2_C8", "", "C", 60, 60, 36, 0],
		[131, "LED3_1", 935.51, 1014.29, "T", "DIP", "LED3_R5", "", "R", 60, 60, 36, 0],
		[132, "LED3_1", 935.51, 1014.29, "B", "DIP", "LED3_R5", "", "R", 60, 60, 36, 0],
		[133, "LED3_2", 1033.94, 1014.29, "T", "DIP", "LED3_R7", "", "C", 60, 60, 36, 0],
		[134, "LED3_2", 1033.94, 1014.29, "B", "DIP", "LED3_R7", "", "C", 60, 60, 36, 0],
		[135, "LED3_3", 1132.36, 1014.29, "T", "DIP", "LED3_C2", "", "C", 60, 60, 36, 0],
		[136, "LED3_3", 1132.36, 1014.29, "B", "DIP", "LED3_C2", "", "C", 60, 60, 36, 0],
		[137, "LED3_4", 1230.79, 1014.29, "T", "DIP", "LED3_C3", "", "C", 60, 60, 36, 0],
		[138, "LED3_4", 1230.79, 1014.29, "B", "DIP", "LED3_C3", "", "C", 60, 60, 36, 0],
		[139, "LED3_5", 1329.21, 1014.29, "T", "DIP", "LED3_R8", "", "C", 60, 60, 36, 0],
		[140, "LED3_5", 1329.21, 1014.29, "B", "DIP", "LED3_R8", "", "C", 60, 60, 36, 0],
		[141, "LED3_6", 1427.64, 1014.29, "T", "DIP", "LED3_C5", "", "C", 60, 60, 36, 0],
		[142, "LED3_6", 1427.64, 1014.29, "B", "DIP", "LED3_C5", "", "C", 60, 60, 36, 0],
		[143, "LED3_7", 1526.06, 1014.29, "T", "DIP", "LED3_R6", "", "C", 60, 60, 36, 0],
		[144, "LED3_7", 1526.06, 1014.29, "B", "DIP", "LED3_R6", "", "C", 60, 60, 36, 0],
		[145, "LED3_8", 1624.49, 1014.29, "T", "DIP", "LED3_R3", "", "C", 60, 60, 36, 0],
		[146, "LED3_8", 1624.49, 1014.29, "B", "DIP", "LED3_R3", "", "C", 60, 60, 36, 0],
		[147, "LED3_9", 1624.49, 1604.84, "T", "DIP", "LED3_R1", "", "C", 60, 60, 36, 0],
		[148, "LED3_9", 1624.49, 1604.84, "B", "DIP", "LED3_R1", "", "C", 60, 60, 36, 0],
		[149, "LED3_10", 1526.06, 1604.84, "T", "DIP", "LED3_C4", "", "C", 60, 60, 36, 0],
		[150, "LED3_10", 1526.06, 1604.84, "B", "DIP", "LED3_C4", "", "C", 60, 60, 36, 0],
		[151, "LED3_11", 1427.64, 1604.84, "T", "DIP", "LED3_C6", "", "C", 60, 60, 36, 0],
		[152, "LED3_11", 1427.64, 1604.84, "B", "DIP", "LED3_C6", "", "C", 60, 60, 36, 0],
		[153, "LED3_12", 1329.21, 1604.84, "T", "DIP", "LED3_R4", "", "C", 60, 60, 36, 0],
		[154, "LED3_12", 1329.21, 1604.84, "B", "DIP", "LED3_R4", "", "C", 60, 60, 36, 0],
		[155, "LED3_13", 1230.79, 1604.84, "T", "DIP", "LED3_C1", "", "C", 60, 60, 36, 0],
		[156, "LED3_13", 1230.79, 1604.84, "B", "DIP", "LED3_C1", "", "C", 60, 60, 36, 0],
		[157, "LED3_14", 1132.36, 1604.84, "T", "DIP", "LED3_R2", "", "C", 60, 60, 36, 0],
		[158, "LED3_14", 1132.36, 1604.84, "B", "DIP", "LED3_R2", "", "C", 60, 60, 36, 0],
		[159, "LED3_15", 1033.94, 1604.84, "T", "DIP", "LED3_C7", "", "C", 60, 60, 36, 0],
		[160, "LED3_15", 1033.94, 1604.84, "B", "DIP", "LED3_C7", "", "C", 60, 60, 36, 0],
		[161, "LED3_16", 935.51, 1604.84, "T", "DIP", "LED3_C8", "", "C", 60, 60, 36, 0],
		[162, "LED3_16", 935.51, 1604.84, "B", "DIP", "LED3_C8", "", "C", 60, 60, 36, 0],
		[163, "LED4_1", 1755.2, 1010.04, "T", "DIP", "LED4_R5", "", "R", 60, 60, 36, 0],
		[164, "LED4_1", 1755.2, 1010.04, "B", "DIP", "LED4_R5", "", "R", 60, 60, 36, 0],
		[165, "LED4_2", 1853.63, 1010.04, "T", "DIP", "LED4_R7", "", "C", 60, 60, 36, 0],
		[166, "LED4_2", 1853.63, 1010.04, "B", "DIP", "LED4_R7", "", "C", 60, 60, 36, 0],
		[167, "LED4_3", 1952.05, 1010.04, "T", "DIP", "LED4_C2", "", "C", 60, 60, 36, 0],
		[168, "LED4_3", 1952.05, 1010.04, "B", "DIP", "LED4_C2", "", "C", 60, 60, 36, 0],
		[169, "LED4_4", 2050.48, 1010.04, "T", "DIP", "LED4_C3", "", "C", 60, 60, 36, 0],
		[170, "LED4_4", 2050.48, 1010.04, "B", "DIP", "LED4_C3", "", "C", 60, 60, 36, 0],
		[171, "LED4_5", 2148.9, 1010.04, "T", "DIP", "LED4_R8", "", "C", 60, 60, 36, 0],
		[172, "LED4_5", 2148.9, 1010.04, "B", "DIP", "LED4_R8", "", "C", 60, 60, 36, 0],
		[173, "LED4_6", 2247.33, 1010.04, "T", "DIP", "LED4_C5", "", "C", 60, 60, 36, 0],
		[174, "LED4_6", 2247.33, 1010.04, "B", "DIP", "LED4_C5", "", "C", 60, 60, 36, 0],
		[175, "LED4_7", 2345.75, 1010.04, "T", "DIP", "LED4_R6", "", "C", 60, 60, 36, 0],
		[176, "LED4_7", 2345.75, 1010.04, "B", "DIP", "LED4_R6", "", "C", 60, 60, 36, 0],
		[177, "LED4_8", 2444.18, 1010.04, "T", "DIP", "LED4_R3", "", "C", 60, 60, 36, 0],
		[178, "LED4_8", 2444.18, 1010.04, "B", "DIP", "LED4_R3", "", "C", 60, 60, 36, 0],
		[179, "LED4_9", 2444.18, 1600.59, "T", "DIP", "LED4_R1", "", "C", 60, 60, 36, 0],
		[180, "LED4_9", 2444.18, 1600.59, "B", "DIP", "LED4_R1", "", "C", 60, 60, 36, 0],
		[181, "LED4_10", 2345.75, 1600.59, "T", "DIP", "LED4_C4", "", "C", 60, 60, 36, 0],
		[182, "LED4_10", 2345.75, 1600.59, "B", "DIP", "LED4_C4", "", "C", 60, 60, 36, 0],
		[183, "LED4_11", 2247.33, 1600.59, "T", "DIP", "LED4_C6", "", "C", 60, 60, 36, 0],
		[184, "LED4_11", 2247.33, 1600.59, "B", "DIP", "LED4_C6", "", "C", 60, 60, 36, 0],
		[185, "LED4_12", 2148.9, 1600.59, "T", "DIP", "LED4_R4", "", "C", 60, 60, 36, 0],
		[186, "LED4_12", 2148.9, 1600.59, "B", "DIP", "LED4_R4", "", "C", 60, 60, 36, 0],
		[187, "LED4_13", 2050.48, 1600.59, "T", "DIP", "LED4_C1", "", "C", 60, 60, 36, 0],
		[188, "LED4_13", 2050.48, 1600.59, "B", "DIP", "LED4_C1", "", "C", 60, 60, 36, 0],
		[189, "LED4_14", 1952.05, 1600.59, "T", "DIP", "LED4_R2", "", "C", 60, 60, 36, 0],
		[190, "LED4_14", 1952.05, 1600.59, "B", "DIP", "LED4_R2", "", "C", 60, 60, 36, 0],
		[191, "LED4_15", 1853.63, 1600.59, "T", "DIP", "LED4_C7", "", "C", 60, 60, 36, 0],
		[192, "LED4_15", 1853.63, 1600.59, "B", "DIP", "LED4_C7", "", "C", 60, 60, 36, 0],
		[193, "LED4_16", 1755.2, 1600.59, "T", "DIP", "LED4_C8", "", "C", 60, 60, 36, 0],
		[194, "LED4_16", 1755.2, 1600.59, "B", "DIP", "LED4_C8", "", "C", 60, 60, 36, 0],
		[195, "LED5_1", 3648.48, 1343.79, "T", "SMD", "$1N9198", "", "R", 39.37, 49.21, 0, 0],
		[196, "LED5_2", 3561.86, 1343.79, "T", "SMD", "VCC", "", "R", 39.37, 49.21, 0, 0],
		[197, "R1_1", 2650, 3489.37, "T", "SMD", "$1N5415", "", "R", 44.59, 54.21, 0, 270],
		[198, "R1_2", 2650, 3410.63, "T", "SMD", "$1N5403", "", "R", 44.59, 54.21, 0, 270],
		[199, "R2_1", 2785.63, 3400, "T", "SMD", "$1N5403", "", "R", 44.59, 54.21, 0, 0],
		[200, "R2_2", 2864.37, 3400, "T", "SMD", "IO32", "", "R", 44.59, 54.21, 0, 0],
		[201, "R3_1", 2785.63, 3500, "T", "SMD", "$1N5415", "", "R", 44.59, 54.21, 0, 0],
		[202, "R3_2", 2864.37, 3500, "T", "SMD", "IO33", "", "R", 44.59, 54.21, 0, 0],
		[203, "R4_1", 2670.26, 3705.9, "T", "SMD", "$1N5018", "", "R", 44.59, 54.21, 0, 90],
		[204, "R4_2", 2670.26, 3784.64, "T", "SMD", "ESP32_EN", "", "R", 44.59, 54.21, 0, 90],
		[205, "R5_1", 3850, 2649.37, "T", "SMD", "IO0", "", "R", 44.59, 54.21, 0, 270],
		[206, "R5_2", 3850, 2570.63, "T", "SMD", "IO0_USE", "", "R", 44.59, 54.21, 0, 270],
		[207, "R6_1", 3758.83, 1343.99, "T", "SMD", "$1N9198", "", "R", 44.59, 54.21, 0, 0],
		[208, "R6_2", 3837.57, 1343.99, "T", "SMD", "$1N9172", "", "R", 44.59, 54.21, 0, 0],
		[209, "R7_1", 1625, 1415.19, "B", "SMD", "LED3_R1_R", "", "R", 44.59, 54.21, 0, 90],
		[210, "R7_2", 1625, 1493.93, "B", "SMD", "LED3_R1", "", "R", 44.59, 54.21, 0, 90],
		[211, "R8_1", 1130, 1415.19, "B", "SMD", "LED3_R2_R", "", "R", 44.59, 54.21, 0, 90],
		[212, "R8_2", 1130, 1493.93, "B", "SMD", "LED3_R2", "", "R", 44.59, 54.21, 0, 90],
		[213, "R9_1", 1625, 755.19, "B", "SMD", "LED3_R3_R", "", "R", 44.59, 54.21, 0, 90],
		[214, "R9_2", 1625, 833.93, "B", "SMD", "LED3_R3", "", "R", 44.59, 54.21, 0, 90],
		[215, "R10_1", 1330, 1415.19, "B", "SMD", "LED3_R4_R", "", "R", 44.59, 54.21, 0, 90],
		[216, "R10_2", 1330, 1493.93, "B", "SMD", "LED3_R4", "", "R", 44.59, 54.21, 0, 90],
		[217, "R11_1", 935, 755.19, "B", "SMD", "LED3_R5_R", "", "R", 44.59, 54.21, 0, 90],
		[218, "R11_2", 935, 833.93, "B", "SMD", "LED3_R5", "", "R", 44.59, 54.21, 0, 90],
		[219, "R12_1", 1525, 755.19, "B", "SMD", "LED3_R6_R", "", "R", 44.59, 54.21, 0, 90],
		[220, "R12_2", 1525, 833.93, "B", "SMD", "LED3_R6", "", "R", 44.59, 54.21, 0, 90],
		[221, "R13_1", 1035, 755.19, "B", "SMD", "LED3_R7_R", "", "R", 44.59, 54.21, 0, 90],
		[222, "R13_2", 1035, 833.93, "B", "SMD", "LED3_R7", "", "R", 44.59, 54.21, 0, 90],
		[223, "R14_1", 1330, 755.19, "B", "SMD", "LED3_R8_R", "", "R", 44.59, 54.21, 0, 90],
		[224, "R14_2", 1330, 833.93, "B", "SMD", "LED3_R8", "", "R", 44.59, 54.21, 0, 90],
		[225, "R15_1", 2445, 1410.19, "B", "SMD", "LED4_R1_R", "", "R", 44.59, 54.21, 0, 90],
		[226, "R15_2", 2445, 1488.93, "B", "SMD", "LED4_R1", "", "R", 44.59, 54.21, 0, 90],
		[227, "R16_1", 1950, 1410.19, "B", "SMD", "LED4_R2_R", "", "R", 44.59, 54.21, 0, 90],
		[228, "R16_2", 1950, 1488.93, "B", "SMD", "LED4_R2", "", "R", 44.59, 54.21, 0, 90],
		[229, "R17_1", 2445, 1198.93, "B", "SMD", "LED4_R3_R", "", "R", 44.59, 54.21, 0, 270],
		[230, "R17_2", 2445, 1120.19, "B", "SMD", "LED4_R3", "", "R", 44.59, 54.21, 0, 270],
		[231, "R18_1", 2150, 1410.19, "B", "SMD", "LED4_R4_R", "", "R", 44.59, 54.21, 0, 90],
		[232, "R18_2", 2150, 1488.93, "B", "SMD", "LED4_R4", "", "R", 44.59, 54.21, 0, 90],
		[233, "R19_1", 1755, 750.19, "B", "SMD", "LED4_R5_R", "", "R", 44.59, 54.21, 0, 90],
		[234, "R19_2", 1755, 828.93, "B", "SMD", "LED4_R5", "", "R", 44.59, 54.21, 0, 90],
		[235, "R20_1", 2345, 750.19, "B", "SMD", "LED4_R6_R", "", "R", 44.59, 54.21, 0, 90],
		[236, "R20_2", 2345, 828.93, "B", "SMD", "LED4_R6", "", "R", 44.59, 54.21, 0, 90],
		[237, "R21_1", 1855, 1178.93, "B", "SMD", "LED4_R7_R", "", "R", 44.59, 54.21, 0, 270],
		[238, "R21_2", 1855, 1100.19, "B", "SMD", "LED4_R7", "", "R", 44.59, 54.21, 0, 270],
		[239, "R22_1", 2150, 750.19, "B", "SMD", "LED4_R8_R", "", "R", 44.59, 54.21, 0, 90],
		[240, "R22_2", 2150, 828.93, "B", "SMD", "LED4_R8", "", "R", 44.59, 54.21, 0, 90],
		[241, "R23_1", 2150, 2018.93, "B", "SMD", "LED2_R8_R", "", "R", 44.59, 54.21, 0, 270],
		[242, "R23_2", 2150, 1940.19, "B", "SMD", "LED2_R8", "", "R", 44.59, 54.21, 0, 270],
		[243, "R24_1", 1855, 2018.93, "B", "SMD", "LED2_R7_R", "", "R", 44.59, 54.21, 0, 270],
		[244, "R24_2", 1855, 1940.19, "B", "SMD", "LED2_R7", "", "R", 44.59, 54.21, 0, 270],
		[245, "R25_1", 2345, 2018.93, "B", "SMD", "LED2_R6_R", "", "R", 44.59, 54.21, 0, 270],
		[246, "R25_2", 2345, 1940.19, "B", "SMD", "LED2_R6", "", "R", 44.59, 54.21, 0, 270],
		[247, "R26_1", 1755, 2018.93, "B", "SMD", "LED2_R5_R", "", "R", 44.59, 54.21, 0, 270],
		[248, "R26_2", 1755, 1940.19, "B", "SMD", "LED2_R5", "", "R", 44.59, 54.21, 0, 270],
		[249, "R27_1", 2150, 2235.19, "B", "SMD", "LED2_R4_R", "", "R", 44.59, 54.21, 0, 90],
		[250, "R27_2", 2150, 2313.93, "B", "SMD", "LED2_R4", "", "R", 44.59, 54.21, 0, 90],
		[251, "R28_1", 2529.37, 1924.56, "B", "SMD", "LED2_R3_R", "", "R", 44.59, 54.21, 0, 180],
		[252, "R28_2", 2450.63, 1924.56, "B", "SMD", "LED2_R3", "", "R", 44.59, 54.21, 0, 180],
		[253, "R29_1", 1950, 2235.19, "B", "SMD", "LED2_R2_R", "", "R", 44.59, 54.21, 0, 90],
		[254, "R29_2", 1950, 2313.93, "B", "SMD", "LED2_R2", "", "R", 44.59, 54.21, 0, 90],
		[255, "R30_1", 2445, 2235.19, "B", "SMD", "LED2_R1_R", "", "R", 44.59, 54.21, 0, 90],
		[256, "R30_2", 2445, 2313.93, "B", "SMD", "LED2_R1", "", "R", 44.59, 54.21, 0, 90],
		[257, "R31_1", 1625, 2608.93, "B", "SMD", "LED1_R1_R", "", "R", 44.59, 54.21, 0, 270],
		[258, "R31_2", 1625, 2530.19, "B", "SMD", "LED1_R1", "", "R", 44.59, 54.21, 0, 270],
		[259, "R32_1", 1130, 2240.19, "B", "SMD", "LED1_R2_R", "", "R", 44.59, 54.21, 0, 90],
		[260, "R32_2", 1130, 2318.93, "B", "SMD", "LED1_R2", "", "R", 44.59, 54.21, 0, 90],
		[261, "R33_1", 1625, 2018.93, "B", "SMD", "LED1_R3_R", "", "R", 44.59, 54.21, 0, 270],
		[262, "R33_2", 1625, 1940.19, "B", "SMD", "LED1_R3", "", "R", 44.59, 54.21, 0, 270],
		[263, "R34_1", 1330, 2240.19, "B", "SMD", "LED1_R4_R", "", "R", 44.59, 54.21, 0, 90],
		[264, "R34_2", 1330, 2318.93, "B", "SMD", "LED1_R4", "", "R", 44.59, 54.21, 0, 90],
		[265, "R35_1", 940, 2023.93, "B", "SMD", "LED1_R5_R", "", "R", 44.59, 54.21, 0, 270],
		[266, "R35_2", 940, 1945.19, "B", "SMD", "LED1_R5", "", "R", 44.59, 54.21, 0, 270],
		[267, "R36_1", 1525, 2018.93, "B", "SMD", "LED1_R6_R", "", "R", 44.59, 54.21, 0, 270],
		[268, "R36_2", 1525, 1940.19, "B", "SMD", "LED1_R6", "", "R", 44.59, 54.21, 0, 270],
		[269, "R37_1", 1030, 2023.93, "B", "SMD", "LED1_R7_R", "", "R", 44.59, 54.21, 0, 270],
		[270, "R37_2", 1030, 1945.19, "B", "SMD", "LED1_R7", "", "R", 44.59, 54.21, 0, 270],
		[271, "R38_1", 1330, 2018.93, "B", "SMD", "LED1_R8_R", "", "R", 44.59, 54.21, 0, 270],
		[272, "R38_2", 1330, 1940.19, "B", "SMD", "LED1_R8", "", "R", 44.59, 54.21, 0, 270],
		[273, "R39_1", 3498.69, 2269.35, "T", "DIP", "VDD33", "", "C", 59.05, 59.05, 31.5, 90],
		[274, "R39_1", 3498.69, 2269.35, "B", "DIP", "VDD33", "", "C", 59.05, 59.05, 31.5, 90],
		[275, "R39_2", 3498.69, 2387.46, "T", "DIP", "IO19", "", "C", 59.05, 59.05, 31.5, 90],
		[276, "R39_2", 3498.69, 2387.46, "B", "DIP", "IO19", "", "C", 59.05, 59.05, 31.5, 90],
		[277, "R40_1", 3497.5, 2543.36, "T", "SMD", "IO19", "", "R", 44.59, 54.21, 0, 90],
		[278, "R40_2", 3497.5, 2622.1, "T", "SMD", "GND", "GND", "R", 44.59, 54.21, 0, 90],
		[279, "R41_1", 3385, 420.63, "T", "SMD", "ESP32_EN", "", "R", 44.59, 54.21, 0, 90],
		[280, "R41_2", 3385, 499.37, "T", "SMD", "ESP32_EN", "", "R", 44.59, 54.21, 0, 90],
		[281, "RC_C_1", 2360.26, 3868.38, "T", "SMD", "GND", "GND", "R", 55.51, 53.15, 0, 270],
		[282, "RC_C_2", 2360.26, 3789.64, "T", "SMD", "ESP32_EN", "", "R", 55.51, 53.15, 0, 270],
		[283, "RC_R_1", 2360.26, 3689.64, "T", "SMD", "ESP32_EN", "", "R", 44.59, 54.21, 0, 270],
		[284, "RC_R_2", 2360.26, 3610.9, "T", "SMD", "VDD33", "", "R", 44.59, 54.21, 0, 270],
		[285, "Rprog_1", 3446.77, 1196.14, "T", "SMD", "GND", "GND", "R", 44.59, 54.21, 0, 270],
		[286, "Rprog_2", 3446.77, 1117.4, "T", "SMD", "$1N9310", "", "R", 44.59, 54.21, 0, 270],
		[287, "RST_1", 2530.26, 3873.23, "T", "DIP", "GND", "GND", "C", 78.74, 78.74, 55.12, 270],
		[288, "RST_1", 2530.26, 3873.23, "B", "DIP", "GND", "GND", "C", 78.74, 78.74, 55.12, 270],
		[289, "RST_2", 2530.26, 3617.32, "T", "DIP", "$1N5018", "", "C", 78.74, 78.74, 55.12, 270],
		[290, "RST_2", 2530.26, 3617.32, "B", "DIP", "$1N5018", "", "C", 78.74, 78.74, 55.12, 270],
		[291, "SCREW1_1", 3985, -115, "T", "DIP", "SCREW1_1", "", "C", 126, 126, 126, 0],
		[292, "SCREW1_1", 3985, -115, "B", "DIP", "SCREW1_1", "", "C", 126, 126, 126, 0],
		[293, "SCREW2_1", -135, -115, "T", "DIP", "SCREW2_1", "", "C", 126, 126, 126, 0],
		[294, "SCREW2_1", -135, -115, "B", "DIP", "SCREW2_1", "", "C", 126, 126, 126, 0],
		[295, "SCREW3_1", -135, 4005, "T", "DIP", "SCREW3_1", "", "C", 126, 126, 126, 0],
		[296, "SCREW3_1", -135, 4005, "B", "DIP", "SCREW3_1", "", "C", 126, 126, 126, 0],
		[297, "SW1_1", 4001.77, 1331.77, "T", "DIP", "VCC", "", "C", 62.99, 62.99, 39.37, 90],
		[298, "SW1_1", 4001.77, 1331.77, "B", "DIP", "VCC", "", "C", 62.99, 62.99, 39.37, 90],
		[299, "SW1_2", 4001.77, 1031.77, "T", "DIP", "TP4056_CE", "", "C", 62.99, 62.99, 39.37, 90],
		[300, "SW1_2", 4001.77, 1031.77, "B", "DIP", "TP4056_CE", "", "C", 62.99, 62.99, 39.37, 90],
		[301, "U1_1", 3742.4, 3086.85, "B", "SMD", "FONT_SCLK", "", "R", 43.31, 23.62, 0, 270],
		[302, "U1_2", 3705, 3086.85, "B", "SMD", "GND", "GND", "R", 43.31, 23.62, 0, 270],
		[303, "U1_3", 3667.6, 3086.85, "B", "SMD", "FONT_CS", "", "R", 43.31, 23.62, 0, 270],
		[304, "U1_4", 3667.6, 3193.15, "B", "SMD", "VDD33", "", "R", 43.31, 23.62, 0, 270],
		[305, "U1_5", 3705, 3193.15, "B", "SMD", "FONT_SO", "", "R", 43.31, 23.62, 0, 270],
		[306, "U1_6", 3742.4, 3193.15, "B", "SMD", "FONT_SI", "", "R", 43.31, 23.62, 0, 270],
		[307, "U2_1", 1595, 3100.86, "T", "DIP", "GND", "GND", "O", 57.56, 71.95, 31.5, 180],
		[308, "U2_1", 1595, 3100.86, "B", "DIP", "GND", "GND", "O", 57.56, 71.95, 31.5, 180],
		[309, "U2_2", 1495, 3100.86, "T", "DIP", "D0", "", "O", 57.56, 71.95, 31.5, 180],
		[310, "U2_2", 1495, 3100.86, "B", "DIP", "D0", "", "O", 57.56, 71.95, 31.5, 180],
		[311, "U2_3", 1395, 3100.86, "T", "DIP", "D1", "", "O", 57.56, 71.95, 31.5, 180],
		[312, "U2_3", 1395, 3100.86, "B", "DIP", "D1", "", "O", 57.56, 71.95, 31.5, 180],
		[313, "U2_4", 1295, 3100.86, "T", "DIP", "D2", "", "O", 57.56, 71.95, 31.5, 180],
		[314, "U2_4", 1295, 3100.86, "B", "DIP", "D2", "", "O", 57.56, 71.95, 31.5, 180],
		[315, "U2_5", 1195, 3100.86, "T", "DIP", "D3", "", "O", 57.56, 71.95, 31.5, 180],
		[316, "U2_5", 1195, 3100.86, "B", "DIP", "D3", "", "O", 57.56, 71.95, 31.5, 180],
		[317, "U2_6", 1095, 3100.86, "T", "DIP", "D4", "", "O", 57.56, 71.95, 31.5, 180],
		[318, "U2_6", 1095, 3100.86, "B", "DIP", "D4", "", "O", 57.56, 71.95, 31.5, 180],
		[319, "U2_7", 995, 3100.86, "T", "DIP", "D5", "", "O", 57.56, 71.95, 31.5, 180],
		[320, "U2_7", 995, 3100.86, "B", "DIP", "D5", "", "O", 57.56, 71.95, 31.5, 180],
		[321, "U2_8", 895, 3100.86, "T", "DIP", "D6", "", "O", 57.56, 71.95, 31.5, 180],
		[322, "U2_8", 895, 3100.86, "B", "DIP", "D6", "", "O", 57.56, 71.95, 31.5, 180],
		[323, "U2_9", 795, 3100.86, "T", "DIP", "D7", "", "O", 57.56, 71.95, 31.5, 180],
		[324, "U2_9", 795, 3100.86, "B", "DIP", "D7", "", "O", 57.56, 71.95, 31.5, 180],
		[325, "U2_10", 695, 3100.86, "T", "DIP", "GND", "GND", "O", 57.56, 71.95, 31.5, 180],
		[326, "U2_10", 695, 3100.86, "B", "DIP", "GND", "GND", "O", 57.56, 71.95, 31.5, 180],
		[327, "U2_11", 695, 2788.26, "T", "DIP", "573_CS_LED1_C", "", "O", 57.56, 71.95, 31.5, 180],
		[328, "U2_11", 695, 2788.26, "B", "DIP", "573_CS_LED1_C", "", "O", 57.56, 71.95, 31.5, 180],
		[329, "U2_12", 795, 2788.26, "T", "DIP", "LED1_C8", "", "O", 57.56, 71.95, 31.5, 180],
		[330, "U2_12", 795, 2788.26, "B", "DIP", "LED1_C8", "", "O", 57.56, 71.95, 31.5, 180],
		[331, "U2_13", 895, 2788.26, "T", "DIP", "LED1_C7", "", "O", 57.56, 71.95, 31.5, 180],
		[332, "U2_13", 895, 2788.26, "B", "DIP", "LED1_C7", "", "O", 57.56, 71.95, 31.5, 180],
		[333, "U2_14", 995, 2788.26, "T", "DIP", "LED1_C6", "", "O", 57.56, 71.95, 31.5, 180],
		[334, "U2_14", 995, 2788.26, "B", "DIP", "LED1_C6", "", "O", 57.56, 71.95, 31.5, 180],
		[335, "U2_15", 1095, 2788.26, "T", "DIP", "LED1_C5", "", "O", 57.56, 71.95, 31.5, 180],
		[336, "U2_15", 1095, 2788.26, "B", "DIP", "LED1_C5", "", "O", 57.56, 71.95, 31.5, 180],
		[337, "U2_16", 1195, 2788.26, "T", "DIP", "LED1_C4", "", "O", 57.56, 71.95, 31.5, 180],
		[338, "U2_16", 1195, 2788.26, "B", "DIP", "LED1_C4", "", "O", 57.56, 71.95, 31.5, 180],
		[339, "U2_17", 1295, 2788.26, "T", "DIP", "LED1_C3", "", "O", 57.56, 71.95, 31.5, 180],
		[340, "U2_17", 1295, 2788.26, "B", "DIP", "LED1_C3", "", "O", 57.56, 71.95, 31.5, 180],
		[341, "U2_18", 1395, 2788.26, "T", "DIP", "LED1_C2", "", "O", 57.56, 71.95, 31.5, 180],
		[342, "U2_18", 1395, 2788.26, "B", "DIP", "LED1_C2", "", "O", 57.56, 71.95, 31.5, 180],
		[343, "U2_19", 1495, 2788.26, "T", "DIP", "LED1_C1", "", "O", 57.56, 71.95, 31.5, 180],
		[344, "U2_19", 1495, 2788.26, "B", "DIP", "LED1_C1", "", "O", 57.56, 71.95, 31.5, 180],
		[345, "U2_20", 1595, 2788.26, "T", "DIP", "VCC", "", "O", 57.56, 71.95, 31.5, 180],
		[346, "U2_20", 1595, 2788.26, "B", "DIP", "VCC", "", "O", 57.56, 71.95, 31.5, 180],
		[347, "U3_1", 293.7, 1564.56, "T", "DIP", "GND", "GND", "O", 57.56, 71.95, 31.5, 270],
		[348, "U3_1", 293.7, 1564.56, "B", "DIP", "GND", "GND", "O", 57.56, 71.95, 31.5, 270],
		[349, "U3_2", 293.7, 1464.56, "T", "DIP", "D0", "", "O", 57.56, 71.95, 31.5, 270],
		[350, "U3_2", 293.7, 1464.56, "B", "DIP", "D0", "", "O", 57.56, 71.95, 31.5, 270],
		[351, "U3_3", 293.7, 1364.56, "T", "DIP", "D1", "", "O", 57.56, 71.95, 31.5, 270],
		[352, "U3_3", 293.7, 1364.56, "B", "DIP", "D1", "", "O", 57.56, 71.95, 31.5, 270],
		[353, "U3_4", 293.7, 1264.56, "T", "DIP", "D2", "", "O", 57.56, 71.95, 31.5, 270],
		[354, "U3_4", 293.7, 1264.56, "B", "DIP", "D2", "", "O", 57.56, 71.95, 31.5, 270],
		[355, "U3_5", 293.7, 1164.56, "T", "DIP", "D3", "", "O", 57.56, 71.95, 31.5, 270],
		[356, "U3_5", 293.7, 1164.56, "B", "DIP", "D3", "", "O", 57.56, 71.95, 31.5, 270],
		[357, "U3_6", 293.7, 1064.56, "T", "DIP", "D4", "", "O", 57.56, 71.95, 31.5, 270],
		[358, "U3_6", 293.7, 1064.56, "B", "DIP", "D4", "", "O", 57.56, 71.95, 31.5, 270],
		[359, "U3_7", 293.7, 964.56, "T", "DIP", "D5", "", "O", 57.56, 71.95, 31.5, 270],
		[360, "U3_7", 293.7, 964.56, "B", "DIP", "D5", "", "O", 57.56, 71.95, 31.5, 270],
		[361, "U3_8", 293.7, 864.56, "T", "DIP", "D6", "", "O", 57.56, 71.95, 31.5, 270],
		[362, "U3_8", 293.7, 864.56, "B", "DIP", "D6", "", "O", 57.56, 71.95, 31.5, 270],
		[363, "U3_9", 293.7, 764.56, "T", "DIP", "D7", "", "O", 57.56, 71.95, 31.5, 270],
		[364, "U3_9", 293.7, 764.56, "B", "DIP", "D7", "", "O", 57.56, 71.95, 31.5, 270],
		[365, "U3_10", 293.7, 664.56, "T", "DIP", "GND", "GND", "O", 57.56, 71.95, 31.5, 270],
		[366, "U3_10", 293.7, 664.56, "B", "DIP", "GND", "GND", "O", 57.56, 71.95, 31.5, 270],
		[367, "U3_11", 606.3, 664.56, "T", "DIP", "573_CS_LED3_C", "", "O", 57.56, 71.95, 31.5, 270],
		[368, "U3_11", 606.3, 664.56, "B", "DIP", "573_CS_LED3_C", "", "O", 57.56, 71.95, 31.5, 270],
		[369, "U3_12", 606.3, 764.56, "T", "DIP", "LED3_C8", "", "O", 57.56, 71.95, 31.5, 270],
		[370, "U3_12", 606.3, 764.56, "B", "DIP", "LED3_C8", "", "O", 57.56, 71.95, 31.5, 270],
		[371, "U3_13", 606.3, 864.56, "T", "DIP", "LED3_C7", "", "O", 57.56, 71.95, 31.5, 270],
		[372, "U3_13", 606.3, 864.56, "B", "DIP", "LED3_C7", "", "O", 57.56, 71.95, 31.5, 270],
		[373, "U3_14", 606.3, 964.56, "T", "DIP", "LED3_C6", "", "O", 57.56, 71.95, 31.5, 270],
		[374, "U3_14", 606.3, 964.56, "B", "DIP", "LED3_C6", "", "O", 57.56, 71.95, 31.5, 270],
		[375, "U3_15", 606.3, 1064.56, "T", "DIP", "LED3_C5", "", "O", 57.56, 71.95, 31.5, 270],
		[376, "U3_15", 606.3, 1064.56, "B", "DIP", "LED3_C5", "", "O", 57.56, 71.95, 31.5, 270],
		[377, "U3_16", 606.3, 1164.56, "T", "DIP", "LED3_C4", "", "O", 57.56, 71.95, 31.5, 270],
		[378, "U3_16", 606.3, 1164.56, "B", "DIP", "LED3_C4", "", "O", 57.56, 71.95, 31.5, 270],
		[379, "U3_17", 606.3, 1264.56, "T", "DIP", "LED3_C3", "", "O", 57.56, 71.95, 31.5, 270],
		[380, "U3_17", 606.3, 1264.56, "B", "DIP", "LED3_C3", "", "O", 57.56, 71.95, 31.5, 270],
		[381, "U3_18", 606.3, 1364.56, "T", "DIP", "LED3_C2", "", "O", 57.56, 71.95, 31.5, 270],
		[382, "U3_18", 606.3, 1364.56, "B", "DIP", "LED3_C2", "", "O", 57.56, 71.95, 31.5, 270],
		[383, "U3_19", 606.3, 1464.56, "T", "DIP", "LED3_C1", "", "O", 57.56, 71.95, 31.5, 270],
		[384, "U3_19", 606.3, 1464.56, "B", "DIP", "LED3_C1", "", "O", 57.56, 71.95, 31.5, 270],
		[385, "U3_20", 606.3, 1564.56, "T", "DIP", "VCC", "", "O", 57.56, 71.95, 31.5, 270],
		[386, "U3_20", 606.3, 1564.56, "B", "DIP", "VCC", "", "O", 57.56, 71.95, 31.5, 270],
		[387, "U4_1", 3116.3, 1774.56, "T", "DIP", "GND", "GND", "O", 57.56, 71.95, 31.5, 90],
		[388, "U4_1", 3116.3, 1774.56, "B", "DIP", "GND", "GND", "O", 57.56, 71.95, 31.5, 90],
		[389, "U4_2", 3116.3, 1874.56, "T", "DIP", "D0", "", "O", 57.56, 71.95, 31.5, 90],
		[390, "U4_2", 3116.3, 1874.56, "B", "DIP", "D0", "", "O", 57.56, 71.95, 31.5, 90],
		[391, "U4_3", 3116.3, 1974.56, "T", "DIP", "D1", "", "O", 57.56, 71.95, 31.5, 90],
		[392, "U4_3", 3116.3, 1974.56, "B", "DIP", "D1", "", "O", 57.56, 71.95, 31.5, 90],
		[393, "U4_4", 3116.3, 2074.56, "T", "DIP", "D2", "", "O", 57.56, 71.95, 31.5, 90],
		[394, "U4_4", 3116.3, 2074.56, "B", "DIP", "D2", "", "O", 57.56, 71.95, 31.5, 90],
		[395, "U4_5", 3116.3, 2174.56, "T", "DIP", "D3", "", "O", 57.56, 71.95, 31.5, 90],
		[396, "U4_5", 3116.3, 2174.56, "B", "DIP", "D3", "", "O", 57.56, 71.95, 31.5, 90],
		[397, "U4_6", 3116.3, 2274.56, "T", "DIP", "D4", "", "O", 57.56, 71.95, 31.5, 90],
		[398, "U4_6", 3116.3, 2274.56, "B", "DIP", "D4", "", "O", 57.56, 71.95, 31.5, 90],
		[399, "U4_7", 3116.3, 2374.56, "T", "DIP", "D5", "", "O", 57.56, 71.95, 31.5, 90],
		[400, "U4_7", 3116.3, 2374.56, "B", "DIP", "D5", "", "O", 57.56, 71.95, 31.5, 90],
		[401, "U4_8", 3116.3, 2474.56, "T", "DIP", "D6", "", "O", 57.56, 71.95, 31.5, 90],
		[402, "U4_8", 3116.3, 2474.56, "B", "DIP", "D6", "", "O", 57.56, 71.95, 31.5, 90],
		[403, "U4_9", 3116.3, 2574.56, "T", "DIP", "D7", "", "O", 57.56, 71.95, 31.5, 90],
		[404, "U4_9", 3116.3, 2574.56, "B", "DIP", "D7", "", "O", 57.56, 71.95, 31.5, 90],
		[405, "U4_10", 3116.3, 2674.56, "T", "DIP", "GND", "GND", "O", 57.56, 71.95, 31.5, 90],
		[406, "U4_10", 3116.3, 2674.56, "B", "DIP", "GND", "GND", "O", 57.56, 71.95, 31.5, 90],
		[407, "U4_11", 2803.7, 2674.56, "T", "DIP", "573_CS_LED2_R", "", "O", 57.56, 71.95, 31.5, 90],
		[408, "U4_11", 2803.7, 2674.56, "B", "DIP", "573_CS_LED2_R", "", "O", 57.56, 71.95, 31.5, 90],
		[409, "U4_12", 2803.7, 2574.56, "T", "DIP", "LED2_R8_R", "", "O", 57.56, 71.95, 31.5, 90],
		[410, "U4_12", 2803.7, 2574.56, "B", "DIP", "LED2_R8_R", "", "O", 57.56, 71.95, 31.5, 90],
		[411, "U4_13", 2803.7, 2474.56, "T", "DIP", "LED2_R7_R", "", "O", 57.56, 71.95, 31.5, 90],
		[412, "U4_13", 2803.7, 2474.56, "B", "DIP", "LED2_R7_R", "", "O", 57.56, 71.95, 31.5, 90],
		[413, "U4_14", 2803.7, 2374.56, "T", "DIP", "LED2_R6_R", "", "O", 57.56, 71.95, 31.5, 90],
		[414, "U4_14", 2803.7, 2374.56, "B", "DIP", "LED2_R6_R", "", "O", 57.56, 71.95, 31.5, 90],
		[415, "U4_15", 2803.7, 2274.56, "T", "DIP", "LED2_R5_R", "", "O", 57.56, 71.95, 31.5, 90],
		[416, "U4_15", 2803.7, 2274.56, "B", "DIP", "LED2_R5_R", "", "O", 57.56, 71.95, 31.5, 90],
		[417, "U4_16", 2803.7, 2174.56, "T", "DIP", "LED2_R4_R", "", "O", 57.56, 71.95, 31.5, 90],
		[418, "U4_16", 2803.7, 2174.56, "B", "DIP", "LED2_R4_R", "", "O", 57.56, 71.95, 31.5, 90],
		[419, "U4_17", 2803.7, 2074.56, "T", "DIP", "LED2_R3_R", "", "O", 57.56, 71.95, 31.5, 90],
		[420, "U4_17", 2803.7, 2074.56, "B", "DIP", "LED2_R3_R", "", "O", 57.56, 71.95, 31.5, 90],
		[421, "U4_18", 2803.7, 1974.56, "T", "DIP", "LED2_R2_R", "", "O", 57.56, 71.95, 31.5, 90],
		[422, "U4_18", 2803.7, 1974.56, "B", "DIP", "LED2_R2_R", "", "O", 57.56, 71.95, 31.5, 90],
		[423, "U4_19", 2803.7, 1874.56, "T", "DIP", "LED2_R1_R", "", "O", 57.56, 71.95, 31.5, 90],
		[424, "U4_19", 2803.7, 1874.56, "B", "DIP", "LED2_R1_R", "", "O", 57.56, 71.95, 31.5, 90],
		[425, "U4_20", 2803.7, 1774.56, "T", "DIP", "VCC", "", "O", 57.56, 71.95, 31.5, 90],
		[426, "U4_20", 2803.7, 1774.56, "B", "DIP", "VCC", "", "O", 57.56, 71.95, 31.5, 90],
		[427, "U5_1", 1805, 233.26, "T", "DIP", "GND", "GND", "O", 57.56, 71.95, 31.5, 0],
		[428, "U5_1", 1805, 233.26, "B", "DIP", "GND", "GND", "O", 57.56, 71.95, 31.5, 0],
		[429, "U5_2", 1905, 233.26, "T", "DIP", "D0", "", "O", 57.56, 71.95, 31.5, 0],
		[430, "U5_2", 1905, 233.26, "B", "DIP", "D0", "", "O", 57.56, 71.95, 31.5, 0],
		[431, "U5_3", 2005, 233.26, "T", "DIP", "D1", "", "O", 57.56, 71.95, 31.5, 0],
		[432, "U5_3", 2005, 233.26, "B", "DIP", "D1", "", "O", 57.56, 71.95, 31.5, 0],
		[433, "U5_4", 2105, 233.26, "T", "DIP", "D2", "", "O", 57.56, 71.95, 31.5, 0],
		[434, "U5_4", 2105, 233.26, "B", "DIP", "D2", "", "O", 57.56, 71.95, 31.5, 0],
		[435, "U5_5", 2205, 233.26, "T", "DIP", "D3", "", "O", 57.56, 71.95, 31.5, 0],
		[436, "U5_5", 2205, 233.26, "B", "DIP", "D3", "", "O", 57.56, 71.95, 31.5, 0],
		[437, "U5_6", 2305, 233.26, "T", "DIP", "D4", "", "O", 57.56, 71.95, 31.5, 0],
		[438, "U5_6", 2305, 233.26, "B", "DIP", "D4", "", "O", 57.56, 71.95, 31.5, 0],
		[439, "U5_7", 2405, 233.26, "T", "DIP", "D5", "", "O", 57.56, 71.95, 31.5, 0],
		[440, "U5_7", 2405, 233.26, "B", "DIP", "D5", "", "O", 57.56, 71.95, 31.5, 0],
		[441, "U5_8", 2505, 233.26, "T", "DIP", "D6", "", "O", 57.56, 71.95, 31.5, 0],
		[442, "U5_8", 2505, 233.26, "B", "DIP", "D6", "", "O", 57.56, 71.95, 31.5, 0],
		[443, "U5_9", 2605, 233.26, "T", "DIP", "D7", "", "O", 57.56, 71.95, 31.5, 0],
		[444, "U5_9", 2605, 233.26, "B", "DIP", "D7", "", "O", 57.56, 71.95, 31.5, 0],
		[445, "U5_10", 2705, 233.26, "T", "DIP", "GND", "GND", "O", 57.56, 71.95, 31.5, 0],
		[446, "U5_10", 2705, 233.26, "B", "DIP", "GND", "GND", "O", 57.56, 71.95, 31.5, 0],
		[447, "U5_11", 2705, 545.86, "T", "DIP", "573_CS_LED4_R", "", "O", 57.56, 71.95, 31.5, 0],
		[448, "U5_11", 2705, 545.86, "B", "DIP", "573_CS_LED4_R", "", "O", 57.56, 71.95, 31.5, 0],
		[449, "U5_12", 2605, 545.86, "T", "DIP", "LED4_R8_R", "", "O", 57.56, 71.95, 31.5, 0],
		[450, "U5_12", 2605, 545.86, "B", "DIP", "LED4_R8_R", "", "O", 57.56, 71.95, 31.5, 0],
		[451, "U5_13", 2505, 545.86, "T", "DIP", "LED4_R7_R", "", "O", 57.56, 71.95, 31.5, 0],
		[452, "U5_13", 2505, 545.86, "B", "DIP", "LED4_R7_R", "", "O", 57.56, 71.95, 31.5, 0],
		[453, "U5_14", 2405, 545.86, "T", "DIP", "LED4_R6_R", "", "O", 57.56, 71.95, 31.5, 0],
		[454, "U5_14", 2405, 545.86, "B", "DIP", "LED4_R6_R", "", "O", 57.56, 71.95, 31.5, 0],
		[455, "U5_15", 2305, 545.86, "T", "DIP", "LED4_R5_R", "", "O", 57.56, 71.95, 31.5, 0],
		[456, "U5_15", 2305, 545.86, "B", "DIP", "LED4_R5_R", "", "O", 57.56, 71.95, 31.5, 0],
		[457, "U5_16", 2205, 545.86, "T", "DIP", "LED4_R4_R", "", "O", 57.56, 71.95, 31.5, 0],
		[458, "U5_16", 2205, 545.86, "B", "DIP", "LED4_R4_R", "", "O", 57.56, 71.95, 31.5, 0],
		[459, "U5_17", 2105, 545.86, "T", "DIP", "LED4_R3_R", "", "O", 57.56, 71.95, 31.5, 0],
		[460, "U5_17", 2105, 545.86, "B", "DIP", "LED4_R3_R", "", "O", 57.56, 71.95, 31.5, 0],
		[461, "U5_18", 2005, 545.86, "T", "DIP", "LED4_R2_R", "", "O", 57.56, 71.95, 31.5, 0],
		[462, "U5_18", 2005, 545.86, "B", "DIP", "LED4_R2_R", "", "O", 57.56, 71.95, 31.5, 0],
		[463, "U5_19", 1905, 545.86, "T", "DIP", "LED4_R1_R", "", "O", 57.56, 71.95, 31.5, 0],
		[464, "U5_19", 1905, 545.86, "B", "DIP", "LED4_R1_R", "", "O", 57.56, 71.95, 31.5, 0],
		[465, "U5_20", 1805, 545.86, "T", "DIP", "VCC", "", "O", 57.56, 71.95, 31.5, 0],
		[466, "U5_20", 1805, 545.86, "B", "DIP", "VCC", "", "O", 57.56, 71.95, 31.5, 0],
		[467, "U6_1", 293.7, 2674.56, "T", "DIP", "GND", "GND", "O", 57.56, 71.95, 31.5, 270],
		[468, "U6_1", 293.7, 2674.56, "B", "DIP", "GND", "GND", "O", 57.56, 71.95, 31.5, 270],
		[469, "U6_2", 293.7, 2574.56, "T", "DIP", "D0", "", "O", 57.56, 71.95, 31.5, 270],
		[470, "U6_2", 293.7, 2574.56, "B", "DIP", "D0", "", "O", 57.56, 71.95, 31.5, 270],
		[471, "U6_3", 293.7, 2474.56, "T", "DIP", "D1", "", "O", 57.56, 71.95, 31.5, 270],
		[472, "U6_3", 293.7, 2474.56, "B", "DIP", "D1", "", "O", 57.56, 71.95, 31.5, 270],
		[473, "U6_4", 293.7, 2374.56, "T", "DIP", "D2", "", "O", 57.56, 71.95, 31.5, 270],
		[474, "U6_4", 293.7, 2374.56, "B", "DIP", "D2", "", "O", 57.56, 71.95, 31.5, 270],
		[475, "U6_5", 293.7, 2274.56, "T", "DIP", "D3", "", "O", 57.56, 71.95, 31.5, 270],
		[476, "U6_5", 293.7, 2274.56, "B", "DIP", "D3", "", "O", 57.56, 71.95, 31.5, 270],
		[477, "U6_6", 293.7, 2174.56, "T", "DIP", "D4", "", "O", 57.56, 71.95, 31.5, 270],
		[478, "U6_6", 293.7, 2174.56, "B", "DIP", "D4", "", "O", 57.56, 71.95, 31.5, 270],
		[479, "U6_7", 293.7, 2074.56, "T", "DIP", "D5", "", "O", 57.56, 71.95, 31.5, 270],
		[480, "U6_7", 293.7, 2074.56, "B", "DIP", "D5", "", "O", 57.56, 71.95, 31.5, 270],
		[481, "U6_8", 293.7, 1974.56, "T", "DIP", "D6", "", "O", 57.56, 71.95, 31.5, 270],
		[482, "U6_8", 293.7, 1974.56, "B", "DIP", "D6", "", "O", 57.56, 71.95, 31.5, 270],
		[483, "U6_9", 293.7, 1874.56, "T", "DIP", "D7", "", "O", 57.56, 71.95, 31.5, 270],
		[484, "U6_9", 293.7, 1874.56, "B", "DIP", "D7", "", "O", 57.56, 71.95, 31.5, 270],
		[485, "U6_10", 293.7, 1774.56, "T", "DIP", "GND", "GND", "O", 57.56, 71.95, 31.5, 270],
		[486, "U6_10", 293.7, 1774.56, "B", "DIP", "GND", "GND", "O", 57.56, 71.95, 31.5, 270],
		[487, "U6_11", 606.3, 1774.56, "T", "DIP", "573_CS_LED1_R", "", "O", 57.56, 71.95, 31.5, 270],
		[488, "U6_11", 606.3, 1774.56, "B", "DIP", "573_CS_LED1_R", "", "O", 57.56, 71.95, 31.5, 270],
		[489, "U6_12", 606.3, 1874.56, "T", "DIP", "LED1_R8_R", "", "O", 57.56, 71.95, 31.5, 270],
		[490, "U6_12", 606.3, 1874.56, "B", "DIP", "LED1_R8_R", "", "O", 57.56, 71.95, 31.5, 270],
		[491, "U6_13", 606.3, 1974.56, "T", "DIP", "LED1_R7_R", "", "O", 57.56, 71.95, 31.5, 270],
		[492, "U6_13", 606.3, 1974.56, "B", "DIP", "LED1_R7_R", "", "O", 57.56, 71.95, 31.5, 270],
		[493, "U6_14", 606.3, 2074.56, "T", "DIP", "LED1_R6_R", "", "O", 57.56, 71.95, 31.5, 270],
		[494, "U6_14", 606.3, 2074.56, "B", "DIP", "LED1_R6_R", "", "O", 57.56, 71.95, 31.5, 270],
		[495, "U6_15", 606.3, 2174.56, "T", "DIP", "LED1_R5_R", "", "O", 57.56, 71.95, 31.5, 270],
		[496, "U6_15", 606.3, 2174.56, "B", "DIP", "LED1_R5_R", "", "O", 57.56, 71.95, 31.5, 270],
		[497, "U6_16", 606.3, 2274.56, "T", "DIP", "LED1_R4_R", "", "O", 57.56, 71.95, 31.5, 270],
		[498, "U6_16", 606.3, 2274.56, "B", "DIP", "LED1_R4_R", "", "O", 57.56, 71.95, 31.5, 270],
		[499, "U6_17", 606.3, 2374.56, "T", "DIP", "LED1_R3_R", "", "O", 57.56, 71.95, 31.5, 270],
		[500, "U6_17", 606.3, 2374.56, "B", "DIP", "LED1_R3_R", "", "O", 57.56, 71.95, 31.5, 270],
		[501, "U6_18", 606.3, 2474.56, "T", "DIP", "LED1_R2_R", "", "O", 57.56, 71.95, 31.5, 270],
		[502, "U6_18", 606.3, 2474.56, "B", "DIP", "LED1_R2_R", "", "O", 57.56, 71.95, 31.5, 270],
		[503, "U6_19", 606.3, 2574.56, "T", "DIP", "LED1_R1_R", "", "O", 57.56, 71.95, 31.5, 270],
		[504, "U6_19", 606.3, 2574.56, "B", "DIP", "LED1_R1_R", "", "O", 57.56, 71.95, 31.5, 270],
		[505, "U6_20", 606.3, 2674.56, "T", "DIP", "VCC", "", "O", 57.56, 71.95, 31.5, 270],
		[506, "U6_20", 606.3, 2674.56, "B", "DIP", "VCC", "", "O", 57.56, 71.95, 31.5, 270],
		[507, "U7_1", 695, 233.26, "T", "DIP", "GND", "GND", "O", 57.56, 71.95, 31.5, 0],
		[508, "U7_1", 695, 233.26, "B", "DIP", "GND", "GND", "O", 57.56, 71.95, 31.5, 0],
		[509, "U7_2", 795, 233.26, "T", "DIP", "D0", "", "O", 57.56, 71.95, 31.5, 0],
		[510, "U7_2", 795, 233.26, "B", "DIP", "D0", "", "O", 57.56, 71.95, 31.5, 0],
		[511, "U7_3", 895, 233.26, "T", "DIP", "D1", "", "O", 57.56, 71.95, 31.5, 0],
		[512, "U7_3", 895, 233.26, "B", "DIP", "D1", "", "O", 57.56, 71.95, 31.5, 0],
		[513, "U7_4", 995, 233.26, "T", "DIP", "D2", "", "O", 57.56, 71.95, 31.5, 0],
		[514, "U7_4", 995, 233.26, "B", "DIP", "D2", "", "O", 57.56, 71.95, 31.5, 0],
		[515, "U7_5", 1095, 233.26, "T", "DIP", "D3", "", "O", 57.56, 71.95, 31.5, 0],
		[516, "U7_5", 1095, 233.26, "B", "DIP", "D3", "", "O", 57.56, 71.95, 31.5, 0],
		[517, "U7_6", 1195, 233.26, "T", "DIP", "D4", "", "O", 57.56, 71.95, 31.5, 0],
		[518, "U7_6", 1195, 233.26, "B", "DIP", "D4", "", "O", 57.56, 71.95, 31.5, 0],
		[519, "U7_7", 1295, 233.26, "T", "DIP", "D5", "", "O", 57.56, 71.95, 31.5, 0],
		[520, "U7_7", 1295, 233.26, "B", "DIP", "D5", "", "O", 57.56, 71.95, 31.5, 0],
		[521, "U7_8", 1395, 233.26, "T", "DIP", "D6", "", "O", 57.56, 71.95, 31.5, 0],
		[522, "U7_8", 1395, 233.26, "B", "DIP", "D6", "", "O", 57.56, 71.95, 31.5, 0],
		[523, "U7_9", 1495, 233.26, "T", "DIP", "D7", "", "O", 57.56, 71.95, 31.5, 0],
		[524, "U7_9", 1495, 233.26, "B", "DIP", "D7", "", "O", 57.56, 71.95, 31.5, 0],
		[525, "U7_10", 1595, 233.26, "T", "DIP", "GND", "GND", "O", 57.56, 71.95, 31.5, 0],
		[526, "U7_10", 1595, 233.26, "B", "DIP", "GND", "GND", "O", 57.56, 71.95, 31.5, 0],
		[527, "U7_11", 1595, 545.86, "T", "DIP", "573_CS_LED3_R", "", "O", 57.56, 71.95, 31.5, 0],
		[528, "U7_11", 1595, 545.86, "B", "DIP", "573_CS_LED3_R", "", "O", 57.56, 71.95, 31.5, 0],
		[529, "U7_12", 1495, 545.86, "T", "DIP", "LED3_R8_R", "", "O", 57.56, 71.95, 31.5, 0],
		[530, "U7_12", 1495, 545.86, "B", "DIP", "LED3_R8_R", "", "O", 57.56, 71.95, 31.5, 0],
		[531, "U7_13", 1395, 545.86, "T", "DIP", "LED3_R7_R", "", "O", 57.56, 71.95, 31.5, 0],
		[532, "U7_13", 1395, 545.86, "B", "DIP", "LED3_R7_R", "", "O", 57.56, 71.95, 31.5, 0],
		[533, "U7_14", 1295, 545.86, "T", "DIP", "LED3_R6_R", "", "O", 57.56, 71.95, 31.5, 0],
		[534, "U7_14", 1295, 545.86, "B", "DIP", "LED3_R6_R", "", "O", 57.56, 71.95, 31.5, 0],
		[535, "U7_15", 1195, 545.86, "T", "DIP", "LED3_R5_R", "", "O", 57.56, 71.95, 31.5, 0],
		[536, "U7_15", 1195, 545.86, "B", "DIP", "LED3_R5_R", "", "O", 57.56, 71.95, 31.5, 0],
		[537, "U7_16", 1095, 545.86, "T", "DIP", "LED3_R4_R", "", "O", 57.56, 71.95, 31.5, 0],
		[538, "U7_16", 1095, 545.86, "B", "DIP", "LED3_R4_R", "", "O", 57.56, 71.95, 31.5, 0],
		[539, "U7_17", 995, 545.86, "T", "DIP", "LED3_R3_R", "", "O", 57.56, 71.95, 31.5, 0],
		[540, "U7_17", 995, 545.86, "B", "DIP", "LED3_R3_R", "", "O", 57.56, 71.95, 31.5, 0],
		[541, "U7_18", 895, 545.86, "T", "DIP", "LED3_R2_R", "", "O", 57.56, 71.95, 31.5, 0],
		[542, "U7_18", 895, 545.86, "B", "DIP", "LED3_R2_R", "", "O", 57.56, 71.95, 31.5, 0],
		[543, "U7_19", 795, 545.86, "T", "DIP", "LED3_R1_R", "", "O", 57.56, 71.95, 31.5, 0],
		[544, "U7_19", 795, 545.86, "B", "DIP", "LED3_R1_R", "", "O", 57.56, 71.95, 31.5, 0],
		[545, "U7_20", 695, 545.86, "T", "DIP", "VCC", "", "O", 57.56, 71.95, 31.5, 0],
		[546, "U7_20", 695, 545.86, "B", "DIP", "VCC", "", "O", 57.56, 71.95, 31.5, 0],
		[547, "U8_1", 2700, 3100.86, "T", "DIP", "GND", "GND", "O", 57.56, 71.95, 31.5, 180],
		[548, "U8_1", 2700, 3100.86, "B", "DIP", "GND", "GND", "O", 57.56, 71.95, 31.5, 180],
		[549, "U8_2", 2600, 3100.86, "T", "DIP", "D0", "", "O", 57.56, 71.95, 31.5, 180],
		[550, "U8_2", 2600, 3100.86, "B", "DIP", "D0", "", "O", 57.56, 71.95, 31.5, 180],
		[551, "U8_3", 2500, 3100.86, "T", "DIP", "D1", "", "O", 57.56, 71.95, 31.5, 180],
		[552, "U8_3", 2500, 3100.86, "B", "DIP", "D1", "", "O", 57.56, 71.95, 31.5, 180],
		[553, "U8_4", 2400, 3100.86, "T", "DIP", "D2", "", "O", 57.56, 71.95, 31.5, 180],
		[554, "U8_4", 2400, 3100.86, "B", "DIP", "D2", "", "O", 57.56, 71.95, 31.5, 180],
		[555, "U8_5", 2300, 3100.86, "T", "DIP", "D3", "", "O", 57.56, 71.95, 31.5, 180],
		[556, "U8_5", 2300, 3100.86, "B", "DIP", "D3", "", "O", 57.56, 71.95, 31.5, 180],
		[557, "U8_6", 2200, 3100.86, "T", "DIP", "D4", "", "O", 57.56, 71.95, 31.5, 180],
		[558, "U8_6", 2200, 3100.86, "B", "DIP", "D4", "", "O", 57.56, 71.95, 31.5, 180],
		[559, "U8_7", 2100, 3100.86, "T", "DIP", "D5", "", "O", 57.56, 71.95, 31.5, 180],
		[560, "U8_7", 2100, 3100.86, "B", "DIP", "D5", "", "O", 57.56, 71.95, 31.5, 180],
		[561, "U8_8", 2000, 3100.86, "T", "DIP", "D6", "", "O", 57.56, 71.95, 31.5, 180],
		[562, "U8_8", 2000, 3100.86, "B", "DIP", "D6", "", "O", 57.56, 71.95, 31.5, 180],
		[563, "U8_9", 1900, 3100.86, "T", "DIP", "D7", "", "O", 57.56, 71.95, 31.5, 180],
		[564, "U8_9", 1900, 3100.86, "B", "DIP", "D7", "", "O", 57.56, 71.95, 31.5, 180],
		[565, "U8_10", 1800, 3100.86, "T", "DIP", "GND", "GND", "O", 57.56, 71.95, 31.5, 180],
		[566, "U8_10", 1800, 3100.86, "B", "DIP", "GND", "GND", "O", 57.56, 71.95, 31.5, 180],
		[567, "U8_11", 1800, 2788.26, "T", "DIP", "573_CS_LED2_C", "", "O", 57.56, 71.95, 31.5, 180],
		[568, "U8_11", 1800, 2788.26, "B", "DIP", "573_CS_LED2_C", "", "O", 57.56, 71.95, 31.5, 180],
		[569, "U8_12", 1900, 2788.26, "T", "DIP", "LED2_C8", "", "O", 57.56, 71.95, 31.5, 180],
		[570, "U8_12", 1900, 2788.26, "B", "DIP", "LED2_C8", "", "O", 57.56, 71.95, 31.5, 180],
		[571, "U8_13", 2000, 2788.26, "T", "DIP", "LED2_C7", "", "O", 57.56, 71.95, 31.5, 180],
		[572, "U8_13", 2000, 2788.26, "B", "DIP", "LED2_C7", "", "O", 57.56, 71.95, 31.5, 180],
		[573, "U8_14", 2100, 2788.26, "T", "DIP", "LED2_C6", "", "O", 57.56, 71.95, 31.5, 180],
		[574, "U8_14", 2100, 2788.26, "B", "DIP", "LED2_C6", "", "O", 57.56, 71.95, 31.5, 180],
		[575, "U8_15", 2200, 2788.26, "T", "DIP", "LED2_C5", "", "O", 57.56, 71.95, 31.5, 180],
		[576, "U8_15", 2200, 2788.26, "B", "DIP", "LED2_C5", "", "O", 57.56, 71.95, 31.5, 180],
		[577, "U8_16", 2300, 2788.26, "T", "DIP", "LED2_C4", "", "O", 57.56, 71.95, 31.5, 180],
		[578, "U8_16", 2300, 2788.26, "B", "DIP", "LED2_C4", "", "O", 57.56, 71.95, 31.5, 180],
		[579, "U8_17", 2400, 2788.26, "T", "DIP", "LED2_C3", "", "O", 57.56, 71.95, 31.5, 180],
		[580, "U8_17", 2400, 2788.26, "B", "DIP", "LED2_C3", "", "O", 57.56, 71.95, 31.5, 180],
		[581, "U8_18", 2500, 2788.26, "T", "DIP", "LED2_C2", "", "O", 57.56, 71.95, 31.5, 180],
		[582, "U8_18", 2500, 2788.26, "B", "DIP", "LED2_C2", "", "O", 57.56, 71.95, 31.5, 180],
		[583, "U8_19", 2600, 2788.26, "T", "DIP", "LED2_C1", "", "O", 57.56, 71.95, 31.5, 180],
		[584, "U8_19", 2600, 2788.26, "B", "DIP", "LED2_C1", "", "O", 57.56, 71.95, 31.5, 180],
		[585, "U8_20", 2700, 2788.26, "T", "DIP", "VCC", "", "O", 57.56, 71.95, 31.5, 180],
		[586, "U8_20", 2700, 2788.26, "B", "DIP", "VCC", "", "O", 57.56, 71.95, 31.5, 180],
		[587, "U9_1", 3116.3, 704.56, "T", "DIP", "GND", "GND", "O", 57.56, 71.95, 31.5, 90],
		[588, "U9_1", 3116.3, 704.56, "B", "DIP", "GND", "GND", "O", 57.56, 71.95, 31.5, 90],
		[589, "U9_2", 3116.3, 804.56, "T", "DIP", "D0", "", "O", 57.56, 71.95, 31.5, 90],
		[590, "U9_2", 3116.3, 804.56, "B", "DIP", "D0", "", "O", 57.56, 71.95, 31.5, 90],
		[591, "U9_3", 3116.3, 904.56, "T", "DIP", "D1", "", "O", 57.56, 71.95, 31.5, 90],
		[592, "U9_3", 3116.3, 904.56, "B", "DIP", "D1", "", "O", 57.56, 71.95, 31.5, 90],
		[593, "U9_4", 3116.3, 1004.56, "T", "DIP", "D2", "", "O", 57.56, 71.95, 31.5, 90],
		[594, "U9_4", 3116.3, 1004.56, "B", "DIP", "D2", "", "O", 57.56, 71.95, 31.5, 90],
		[595, "U9_5", 3116.3, 1104.56, "T", "DIP", "D3", "", "O", 57.56, 71.95, 31.5, 90],
		[596, "U9_5", 3116.3, 1104.56, "B", "DIP", "D3", "", "O", 57.56, 71.95, 31.5, 90],
		[597, "U9_6", 3116.3, 1204.56, "T", "DIP", "D4", "", "O", 57.56, 71.95, 31.5, 90],
		[598, "U9_6", 3116.3, 1204.56, "B", "DIP", "D4", "", "O", 57.56, 71.95, 31.5, 90],
		[599, "U9_7", 3116.3, 1304.56, "T", "DIP", "D5", "", "O", 57.56, 71.95, 31.5, 90],
		[600, "U9_7", 3116.3, 1304.56, "B", "DIP", "D5", "", "O", 57.56, 71.95, 31.5, 90],
		[601, "U9_8", 3116.3, 1404.56, "T", "DIP", "D6", "", "O", 57.56, 71.95, 31.5, 90],
		[602, "U9_8", 3116.3, 1404.56, "B", "DIP", "D6", "", "O", 57.56, 71.95, 31.5, 90],
		[603, "U9_9", 3116.3, 1504.56, "T", "DIP", "D7", "", "O", 57.56, 71.95, 31.5, 90],
		[604, "U9_9", 3116.3, 1504.56, "B", "DIP", "D7", "", "O", 57.56, 71.95, 31.5, 90],
		[605, "U9_10", 3116.3, 1604.56, "T", "DIP", "GND", "GND", "O", 57.56, 71.95, 31.5, 90],
		[606, "U9_10", 3116.3, 1604.56, "B", "DIP", "GND", "GND", "O", 57.56, 71.95, 31.5, 90],
		[607, "U9_11", 2803.7, 1604.56, "T", "DIP", "573_CS_LED4_C", "", "O", 57.56, 71.95, 31.5, 90],
		[608, "U9_11", 2803.7, 1604.56, "B", "DIP", "573_CS_LED4_C", "", "O", 57.56, 71.95, 31.5, 90],
		[609, "U9_12", 2803.7, 1504.56, "T", "DIP", "LED4_C8", "", "O", 57.56, 71.95, 31.5, 90],
		[610, "U9_12", 2803.7, 1504.56, "B", "DIP", "LED4_C8", "", "O", 57.56, 71.95, 31.5, 90],
		[611, "U9_13", 2803.7, 1404.56, "T", "DIP", "LED4_C7", "", "O", 57.56, 71.95, 31.5, 90],
		[612, "U9_13", 2803.7, 1404.56, "B", "DIP", "LED4_C7", "", "O", 57.56, 71.95, 31.5, 90],
		[613, "U9_14", 2803.7, 1304.56, "T", "DIP", "LED4_C6", "", "O", 57.56, 71.95, 31.5, 90],
		[614, "U9_14", 2803.7, 1304.56, "B", "DIP", "LED4_C6", "", "O", 57.56, 71.95, 31.5, 90],
		[615, "U9_15", 2803.7, 1204.56, "T", "DIP", "LED4_C5", "", "O", 57.56, 71.95, 31.5, 90],
		[616, "U9_15", 2803.7, 1204.56, "B", "DIP", "LED4_C5", "", "O", 57.56, 71.95, 31.5, 90],
		[617, "U9_16", 2803.7, 1104.56, "T", "DIP", "LED4_C4", "", "O", 57.56, 71.95, 31.5, 90],
		[618, "U9_16", 2803.7, 1104.56, "B", "DIP", "LED4_C4", "", "O", 57.56, 71.95, 31.5, 90],
		[619, "U9_17", 2803.7, 1004.56, "T", "DIP", "LED4_C3", "", "O", 57.56, 71.95, 31.5, 90],
		[620, "U9_17", 2803.7, 1004.56, "B", "DIP", "LED4_C3", "", "O", 57.56, 71.95, 31.5, 90],
		[621, "U9_18", 2803.7, 904.56, "T", "DIP", "LED4_C2", "", "O", 57.56, 71.95, 31.5, 90],
		[622, "U9_18", 2803.7, 904.56, "B", "DIP", "LED4_C2", "", "O", 57.56, 71.95, 31.5, 90],
		[623, "U9_19", 2803.7, 804.56, "T", "DIP", "LED4_C1", "", "O", 57.56, 71.95, 31.5, 90],
		[624, "U9_19", 2803.7, 804.56, "B", "DIP", "LED4_C1", "", "O", 57.56, 71.95, 31.5, 90],
		[625, "U9_20", 2803.7, 704.56, "T", "DIP", "VCC", "", "O", 57.56, 71.95, 31.5, 90],
		[626, "U9_20", 2803.7, 704.56, "B", "DIP", "VCC", "", "O", 57.56, 71.95, 31.5, 90],
		[627, "U10_1", 3140.66, 3649.43, "T", "SMD", "GND", "GND", "R", 37.4, 82.68, 0, 270],
		[628, "U10_2", 3140.66, 3599.43, "T", "SMD", "VDD33", "", "R", 37.4, 82.68, 0, 270],
		[629, "U10_3", 3140.66, 3549.43, "T", "SMD", "ESP32_EN", "", "R", 37.4, 82.68, 0, 270],
		[630, "U10_4", 3140.66, 3499.43, "T", "SMD", "U10_4", "", "R", 37.4, 82.68, 0, 270],
		[631, "U10_5", 3140.66, 3449.43, "T", "SMD", "U10_5", "", "R", 37.4, 82.68, 0, 270],
		[632, "U10_6", 3140.66, 3399.43, "T", "SMD", "D0", "", "R", 37.4, 82.68, 0, 270],
		[633, "U10_7", 3140.66, 3349.43, "T", "SMD", "D1", "", "R", 37.4, 82.68, 0, 270],
		[634, "U10_8", 3140.66, 3299.43, "T", "SMD", "IO32", "", "R", 37.4, 82.68, 0, 270],
		[635, "U10_9", 3140.66, 3249.43, "T", "SMD", "IO33", "", "R", 37.4, 82.68, 0, 270],
		[636, "U10_10", 3140.66, 3199.43, "T", "SMD", "D3", "", "R", 37.4, 82.68, 0, 270],
		[637, "U10_11", 3140.66, 3149.43, "T", "SMD", "D4", "", "R", 37.4, 82.68, 0, 270],
		[638, "U10_12", 3140.66, 3099.43, "T", "SMD", "D5", "", "R", 37.4, 82.68, 0, 270],
		[639, "U10_13", 3140.66, 3049.43, "T", "SMD", "D6", "", "R", 37.4, 82.68, 0, 270],
		[640, "U10_14", 3140.66, 2999.43, "T", "SMD", "D7", "", "R", 37.4, 82.68, 0, 270],
		[641, "U10_15", 3270.01, 2940.57, "T", "SMD", "GND", "GND", "R", 82.68, 37.4, 0, 270],
		[642, "U10_16", 3320.01, 2940.57, "T", "SMD", "D2", "", "R", 82.68, 37.4, 0, 270],
		[643, "U10_17", 3370.01, 2940.57, "T", "SMD", "U10_17", "", "R", 82.68, 37.4, 0, 270],
		[644, "U10_18", 3420.01, 2940.57, "T", "SMD", "U10_18", "", "R", 82.68, 37.4, 0, 270],
		[645, "U10_19", 3470.01, 2940.57, "T", "SMD", "U10_19", "", "R", 82.68, 37.4, 0, 270],
		[646, "U10_20", 3520.01, 2940.57, "T", "SMD", "U10_20", "", "R", 82.68, 37.4, 0, 270],
		[647, "U10_21", 3570.01, 2940.57, "T", "SMD", "U10_21", "", "R", 82.68, 37.4, 0, 270],
		[648, "U10_22", 3620.01, 2940.57, "T", "SMD", "U10_22", "", "R", 82.68, 37.4, 0, 270],
		[649, "U10_23", 3670.01, 2940.57, "T", "SMD", "IO15", "", "R", 82.68, 37.4, 0, 270],
		[650, "U10_24", 3720.01, 2940.57, "T", "SMD", "IO2", "", "R", 82.68, 37.4, 0, 270],
		[651, "U10_25", 3849.34, 2999.43, "T", "SMD", "IO0", "", "R", 37.4, 82.68, 0, 270],
		[652, "U10_26", 3849.34, 3049.43, "T", "SMD", "FONT_CS", "", "R", 37.4, 82.68, 0, 270],
		[653, "U10_27", 3849.34, 3099.43, "T", "SMD", "FONT_SCLK", "", "R", 37.4, 82.68, 0, 270],
		[654, "U10_28", 3849.34, 3149.43, "T", "SMD", "FONT_SI", "", "R", 37.4, 82.68, 0, 270],
		[655, "U10_29", 3849.34, 3199.43, "T", "SMD", "FONT_SO", "", "R", 37.4, 82.68, 0, 270],
		[656, "U10_30", 3849.34, 3249.43, "T", "SMD", "IO18", "", "R", 37.4, 82.68, 0, 270],
		[657, "U10_31", 3849.34, 3299.43, "T", "SMD", "IO19", "", "R", 37.4, 82.68, 0, 270],
		[658, "U10_32", 3849.34, 3349.43, "T", "SMD", "U10_32", "", "R", 37.4, 82.68, 0, 270],
		[659, "U10_33", 3849.34, 3399.43, "T", "SMD", "IO21", "", "R", 37.4, 82.68, 0, 270],
		[660, "U10_34", 3849.34, 3449.43, "T", "SMD", "RXD0", "", "R", 37.4, 82.68, 0, 270],
		[661, "U10_35", 3849.34, 3499.43, "T", "SMD", "TXD0", "", "R", 37.4, 82.68, 0, 270],
		[662, "U10_36", 3849.34, 3549.43, "T", "SMD", "IO22", "", "R", 37.4, 82.68, 0, 270],
		[663, "U10_37", 3849.34, 3599.43, "T", "SMD", "IO23", "", "R", 37.4, 82.68, 0, 270],
		[664, "U10_38", 3849.34, 3649.43, "T", "SMD", "GND", "GND", "R", 37.4, 82.68, 0, 270],
		[665, "U10_39", 3435.93, 3347.03, "T", "SMD", "U10_39", "", "R", 35.43, 35.43, 0, 90],
		[666, "U10_39", 3380.82, 3347.03, "T", "SMD", "U10_A_39", "", "R", 35.43, 35.43, 0, 90],
		[667, "U10_39", 3491.06, 3347.03, "T", "SMD", "U10_B_39", "", "R", 35.43, 35.43, 0, 90],
		[668, "U10_39", 3491.06, 3402.15, "T", "SMD", "U10_C_39", "", "R", 35.43, 35.43, 0, 90],
		[669, "U10_39", 3435.94, 3402.15, "T", "SMD", "U10_D_39", "", "R", 35.43, 35.43, 0, 90],
		[670, "U10_39", 3380.82, 3402.15, "T", "SMD", "U10_E_39", "", "R", 35.43, 35.43, 0, 90],
		[671, "U10_39", 3380.82, 3291.91, "T", "SMD", "U10_F_39", "", "R", 35.43, 35.43, 0, 90],
		[672, "U10_39", 3435.94, 3291.91, "T", "SMD", "U10_G_39", "", "R", 35.43, 35.43, 0, 90],
		[673, "U10_39", 3491.06, 3291.91, "T", "SMD", "U10_H_39", "", "R", 35.43, 35.43, 0, 90],
		[674, "U11_1", 395, 3170, "T", "DIP", "IO22", "", "O", 57.48, 71.85, 31.5, 90],
		[675, "U11_1", 395, 3170, "B", "DIP", "IO22", "", "O", 57.48, 71.85, 31.5, 90],
		[676, "U11_2", 395, 3270, "T", "DIP", "IO23", "", "O", 57.48, 71.85, 31.5, 90],
		[677, "U11_2", 395, 3270, "B", "DIP", "IO23", "", "O", 57.48, 71.85, 31.5, 90],
		[678, "U11_3", 395, 3370, "T", "DIP", "IO15", "", "O", 57.48, 71.85, 31.5, 90],
		[679, "U11_3", 395, 3370, "B", "DIP", "IO15", "", "O", 57.48, 71.85, 31.5, 90],
		[680, "U11_4", 395, 3470, "T", "DIP", "GND", "GND", "O", 57.48, 71.85, 31.5, 90],
		[681, "U11_4", 395, 3470, "B", "DIP", "GND", "GND", "O", 57.48, 71.85, 31.5, 90],
		[682, "U11_5", 395, 3570, "T", "DIP", "GND", "GND", "O", 57.48, 71.85, 31.5, 90],
		[683, "U11_5", 395, 3570, "B", "DIP", "GND", "GND", "O", 57.48, 71.85, 31.5, 90],
		[684, "U11_6", 395, 3670, "T", "DIP", "VCC", "", "O", 57.48, 71.85, 31.5, 90],
		[685, "U11_6", 395, 3670, "B", "DIP", "VCC", "", "O", 57.48, 71.85, 31.5, 90],
		[686, "U11_7", 395, 3770, "T", "DIP", "573_CS_LED4_R", "", "O", 57.48, 71.85, 31.5, 90],
		[687, "U11_7", 395, 3770, "B", "DIP", "573_CS_LED4_R", "", "O", 57.48, 71.85, 31.5, 90],
		[688, "U11_8", 395, 3870, "T", "DIP", "GND", "GND", "O", 57.48, 71.85, 31.5, 90],
		[689, "U11_8", 395, 3870, "B", "DIP", "GND", "GND", "O", 57.48, 71.85, 31.5, 90],
		[690, "U11_9", 95, 3870, "T", "DIP", "573_CS_LED4_C", "", "O", 57.48, 71.85, 31.5, 90],
		[691, "U11_9", 95, 3870, "B", "DIP", "573_CS_LED4_C", "", "O", 57.48, 71.85, 31.5, 90],
		[692, "U11_10", 95, 3770, "T", "DIP", "573_CS_LED3_R", "", "O", 57.48, 71.85, 31.5, 90],
		[693, "U11_10", 95, 3770, "B", "DIP", "573_CS_LED3_R", "", "O", 57.48, 71.85, 31.5, 90],
		[694, "U11_11", 95, 3670, "T", "DIP", "573_CS_LED3_C", "", "O", 57.48, 71.85, 31.5, 90],
		[695, "U11_11", 95, 3670, "B", "DIP", "573_CS_LED3_C", "", "O", 57.48, 71.85, 31.5, 90],
		[696, "U11_12", 95, 3570, "T", "DIP", "573_CS_LED2_R", "", "O", 57.48, 71.85, 31.5, 90],
		[697, "U11_12", 95, 3570, "B", "DIP", "573_CS_LED2_R", "", "O", 57.48, 71.85, 31.5, 90],
		[698, "U11_13", 95, 3470, "T", "DIP", "573_CS_LED2_C", "", "O", 57.48, 71.85, 31.5, 90],
		[699, "U11_13", 95, 3470, "B", "DIP", "573_CS_LED2_C", "", "O", 57.48, 71.85, 31.5, 90],
		[700, "U11_14", 95, 3370, "T", "DIP", "573_CS_LED1_R", "", "O", 57.48, 71.85, 31.5, 90],
		[701, "U11_14", 95, 3370, "B", "DIP", "573_CS_LED1_R", "", "O", 57.48, 71.85, 31.5, 90],
		[702, "U11_15", 95, 3270, "T", "DIP", "573_CS_LED1_C", "", "O", 57.48, 71.85, 31.5, 90],
		[703, "U11_15", 95, 3270, "B", "DIP", "573_CS_LED1_C", "", "O", 57.48, 71.85, 31.5, 90],
		[704, "U11_16", 95, 3170, "T", "DIP", "VCC", "", "O", 57.48, 71.85, 31.5, 90],
		[705, "U11_16", 95, 3170, "B", "DIP", "VCC", "", "O", 57.48, 71.85, 31.5, 90],
		[706, "U12_1", 2137.22, 3399.84, "T", "SMD", "GND", "GND", "R", 91.97, 41.89, 0, 0],
		[707, "U12_3", 2137.22, 3580.16, "T", "SMD", "VCC", "", "R", 91.97, 41.89, 0, 0],
		[708, "U12_4", 1862.78, 3490, "T", "SMD", "VDD33", "", "R", 229.37, 216.19, 0, 0],
		[709, "U13_1", 3554.39, 480, "T", "SMD", "UD+", "", "O", 24.8, 73.42, 0, 270],
		[710, "U13_2", 3554.39, 430, "T", "SMD", "UD-", "", "O", 24.8, 73.42, 0, 270],
		[711, "U13_3", 3554.39, 380, "T", "SMD", "GND", "GND", "O", 24.8, 73.42, 0, 270],
		[712, "U13_4", 3554.39, 330, "T", "SMD", "ESP32_EN", "", "O", 24.8, 73.42, 0, 270],
		[713, "U13_5", 3765.61, 330, "T", "SMD", "VCC", "", "O", 24.8, 73.42, 0, 270],
		[714, "U13_6", 3765.61, 380, "T", "SMD", "RXD0", "", "O", 24.8, 73.42, 0, 270],
		[715, "U13_7", 3765.61, 430, "T", "SMD", "TXD0", "", "O", 24.8, 73.42, 0, 270],
		[716, "U13_8", 3765.61, 480, "T", "SMD", "$1N8034", "", "O", 24.8, 73.42, 0, 270],
		[717, "U14_1", 3590.06, 1181.45, "T", "SMD", "GND", "GND", "R", 23.62, 47.24, 0, 270],
		[718, "U14_2", 3590.06, 1131.45, "T", "SMD", "$1N9310", "", "R", 23.62, 47.24, 0, 270],
		[719, "U14_3", 3590.06, 1081.45, "T", "SMD", "GND", "GND", "R", 23.62, 47.24, 0, 270],
		[720, "U14_4", 3590.06, 1031.45, "T", "SMD", "VCC", "", "R", 23.62, 47.24, 0, 270],
		[721, "U14_5", 3819.06, 1031.45, "T", "SMD", "VCC", "", "R", 23.62, 47.24, 0, 270],
		[722, "U14_6", 3819.06, 1081.45, "T", "SMD", "GND", "GND", "R", 23.62, 47.24, 0, 270],
		[723, "U14_7", 3819.06, 1131.45, "T", "SMD", "$1N9172", "", "R", 23.62, 47.24, 0, 270],
		[724, "U14_8", 3819.06, 1181.45, "T", "SMD", "TP4056_CE", "", "R", 23.62, 47.24, 0, 270],
		[725, "U14_9", 3704.56, 1106.45, "T", "SMD", "U14_9", "", "R", 129.92, 94.49, 0, 90],
		[726, "UART_1", 3740, 2130, "T", "DIP", "VDD33", "", "R", 66.93, 66.93, 43.31, 90],
		[727, "UART_1", 3740, 2130, "B", "DIP", "VDD33", "", "R", 66.93, 66.93, 43.31, 90],
		[728, "UART_2", 3740, 2230, "T", "DIP", "TXD0", "", "C", 66.93, 66.93, 43.31, 90],
		[729, "UART_2", 3740, 2230, "B", "DIP", "TXD0", "", "C", 66.93, 66.93, 43.31, 90],
		[730, "UART_3", 3740, 2330, "T", "DIP", "RXD0", "", "C", 66.93, 66.93, 43.31, 90],
		[731, "UART_3", 3740, 2330, "B", "DIP", "RXD0", "", "C", 66.93, 66.93, 43.31, 90],
		[732, "UART_4", 3740, 2430, "T", "DIP", "GND", "GND", "C", 66.93, 66.93, 43.31, 90],
		[733, "UART_4", 3740, 2430, "B", "DIP", "GND", "GND", "C", 66.93, 66.93, 43.31, 90],
		[734, "USB1_1", 3474.92, 69.49, "T", "DIP", "GND", "GND", "O", 39.37, 78.74, 66.93, 0],
		[735, "USB1_1", 3474.92, 69.49, "B", "DIP", "GND", "GND", "O", 39.37, 78.74, 66.93, 0],
		[736, "USB1_2", 3815.08, 69.49, "T", "DIP", "GND", "GND", "O", 39.37, 78.74, 66.93, 0],
		[737, "USB1_2", 3815.08, 69.49, "B", "DIP", "GND", "GND", "O", 39.37, 78.74, 66.93, 0],
		[738, "USB1_3", 3474.92, -95.08, "T", "DIP", "GND", "GND", "O", 39.37, 70.87, 55.12, 0],
		[739, "USB1_3", 3474.92, -95.08, "B", "DIP", "GND", "GND", "O", 39.37, 70.87, 55.12, 0],
		[740, "USB1_4", 3815.08, -95.08, "T", "DIP", "GND", "GND", "O", 39.37, 70.87, 55.12, 0],
		[741, "USB1_4", 3815.08, -95.08, "B", "DIP", "GND", "GND", "O", 39.37, 70.87, 55.12, 0],
		[742, "USB1_A1", 3513.11, 95.08, "T", "SMD", "GND", "GND", "R", 11.81, 51.18, 0, 0],
		[743, "USB1_A12", 3776.89, 95.08, "T", "SMD", "GND", "GND", "R", 11.81, 51.18, 0, 0],
		[744, "USB1_A4", 3544.61, 95.08, "T", "SMD", "VCC", "", "R", 11.81, 51.18, 0, 0],
		[745, "USB1_A5", 3595.79, 95.08, "T", "SMD", "USB1_A5", "", "R", 11.81, 51.18, 0, 0],
		[746, "USB1_A6", 3635.16, 95.08, "T", "SMD", "UD+", "", "R", 11.81, 51.18, 0, 0],
		[747, "USB1_A7", 3654.84, 95.08, "T", "SMD", "UD-", "", "R", 11.81, 51.18, 0, 0],
		[748, "USB1_A8", 3694.2, 95.08, "T", "SMD", "USB1_A8", "", "R", 11.81, 51.18, 0, 0],
		[749, "USB1_A9", 3745.39, 95.08, "T", "SMD", "VCC", "", "R", 11.81, 51.18, 0, 180],
		[750, "USB1_B1", 3765.08, 95.08, "T", "SMD", "GND", "GND", "R", 11.81, 51.18, 0, 0],
		[751, "USB1_B12", 3524.92, 95.08, "T", "SMD", "GND", "GND", "R", 11.81, 51.18, 0, 0],
		[752, "USB1_B4", 3733.58, 95.08, "T", "SMD", "VCC", "", "R", 11.81, 51.18, 0, 180],
		[753, "USB1_B5", 3713.9, 95.08, "T", "SMD", "USB1_B5", "", "R", 11.81, 51.18, 0, 0],
		[754, "USB1_B6", 3674.53, 95.08, "T", "SMD", "UD+", "", "R", 11.81, 51.18, 0, 0],
		[755, "USB1_B7", 3615.47, 95.08, "T", "SMD", "UD-", "", "R", 11.81, 51.18, 0, 0],
		[756, "USB1_B8", 3576.1, 95.08, "T", "SMD", "USB1_B8", "", "R", 11.81, 51.18, 0, 0],
		[757, "USB1_B9", 3556.42, 95.08, "T", "SMD", "VCC", "", "R", 11.81, 51.18, 0, 0],
		[758, "USB2_1", 3593.82, -47.15, "T", "SMD", "VCC", "", "R", 62.99, 15.75, 0, 270],
		[759, "USB2_2", 3619.41, -47.15, "T", "SMD", "UD-", "", "R", 62.99, 15.75, 0, 270],
		[760, "USB2_3", 3645, -47.15, "T", "SMD", "UD+", "", "R", 62.99, 15.75, 0, 270],
		[761, "USB2_4", 3670.59, -47.15, "T", "SMD", "USB2_4", "", "R", 62.99, 15.75, 0, 270],
		[762, "USB2_5", 3696.18, -47.15, "T", "SMD", "GND", "GND", "R", 62.99, 15.75, 0, 270],
		[763, "USB2_6", 3740.47, -67.72, "T", "DIP", "GND", "GND", "C", 51.18, 51.18, 27.56, 0],
		[764, "USB2_6", 3740.47, -67.72, "B", "DIP", "GND", "GND", "C", 51.18, 51.18, 27.56, 0],
		[765, "USB2_7", 3787.71, -172.85, "T", "DIP", "GND", "GND", "O", 51.18, 70.87, 43.31, 0],
		[766, "USB2_7", 3787.71, -172.85, "B", "DIP", "GND", "GND", "O", 51.18, 70.87, 43.31, 0],
		[767, "USB2_8", 3502.29, -172.85, "T", "DIP", "GND", "GND", "O", 51.18, 70.87, 43.31, 0],
		[768, "USB2_8", 3502.29, -172.85, "B", "DIP", "GND", "GND", "O", 51.18, 70.87, 43.31, 0],
		[769, "USB2_9", 3549.53, -67.73, "T", "DIP", "GND", "GND", "C", 51.18, 51.18, 27.56, 0],
		[770, "USB2_9", 3549.53, -67.73, "B", "DIP", "GND", "GND", "C", 51.18, 51.18, 27.56, 0],
		[771, "X1_1", 2504.99, 3499.21, "T", "SMD", "$1N5415", "", "R", 70.87, 39.37, 0, 0],
		[772, "X1_2", 2504.99, 3400.79, "T", "SMD", "$1N5403", "", "R", 70.87, 39.37, 0, 0],
		[773, "PAD1_1", 3498.19, 809.28, "T", "DIP", "GND", "GND", "C", 60, 60, 36, 0],
		[774, "PAD1_1", 3498.19, 809.28, "B", "DIP", "GND", "GND", "C", 60, 60, 36, 0],
		[775, "PAD2_2", 3931.25, 809.28, "T", "DIP", "VCC", "", "C", 60, 60, 36, 0],
		[776, "PAD2_2", 3931.25, 809.28, "B", "DIP", "VCC", "", "C", 60, 60, 36, 0]
	]
}
}